chain, residue_label, residue_name, score, zscore, probability, pocket
A,    1, MET,  0.2659,  -0.2312,   0.0112, 0
A,    2, SER,  0.3689,  -0.1739,   0.0203, 0
A,    3, SER,  0.4023,  -0.1552,   0.0238, 0
A,    4, SER,  0.3691,  -0.1737,   0.0203, 0
A,    5, SER,  0.2830,  -0.2217,   0.0126, 0
A,    6, TRP,  0.4522,  -0.1274,   0.0297, 0
A,    7, LEU,  0.3156,  -0.2036,   0.0153, 0
A,    8, LEU,  0.1189,  -0.3132,   0.0030, 0
A,    9, LEU,  0.1589,  -0.2909,   0.0047, 0
A,   10, SER,  0.4507,  -0.1282,   0.0295, 0
A,   11, LEU,  0.1005,  -0.3234,   0.0024, 0
A,   12, VAL,  0.0817,  -0.3339,   0.0018, 0
A,   13, ALA,  0.0648,  -0.3433,   0.0014, 0
A,   14, VAL,  0.0795,  -0.3351,   0.0017, 0
A,   15, THR,  0.0940,  -0.3271,   0.0021, 0
A,   16, ALA,  0.0546,  -0.3490,   0.0011, 0
A,   17, ALA,  0.0386,  -0.3580,   0.0008, 0
A,   18, GLN,  0.0715,  -0.3396,   0.0015, 0
A,   19, SER,  0.2720,  -0.2278,   0.0117, 0
A,   20, THR,  0.2241,  -0.2546,   0.0083, 0
A,   21, ILE,  0.2317,  -0.2503,   0.0088, 0
A,   22, GLU,  0.1762,  -0.2813,   0.0056, 0
A,   23, GLU,  0.1490,  -0.2964,   0.0043, 0
A,   24, GLN,  0.6937,   0.0072,   0.0684, 0
A,   25, ALA,  0.0662,  -0.3425,   0.0014, 0
A,   26, LYS,  0.4395,  -0.1345,   0.0282, 11
A,   27, THR,  0.3666,  -0.1751,   0.0201, 0
A,   28, PHE,  0.3400,  -0.1900,   0.0176, 0
A,   29, LEU,  0.0918,  -0.3283,   0.0021, 11
A,   30, ASP,  0.2113,  -0.2617,   0.0075, 11
A,   31, LYS,  0.6963,   0.0087,   0.0689, 0
A,   32, PHE,  0.2274,  -0.2527,   0.0085, 0
A,   33, ASN,  0.6393,  -0.0231,   0.0581, 11
A,   34, HIS,  0.3575,  -0.1802,   0.0192, 0
A,   35, GLU,  0.0829,  -0.3333,   0.0018, 0
A,   36, ALA,  0.0056,  -0.3764,   0.0003, 0
A,   37, GLU,  0.3421,  -0.1888,   0.0178, 1
A,   38, ASP,  0.0985,  -0.3245,   0.0023, 0
A,   39, LEU,  0.0906,  -0.3290,   0.0020, 0
A,   40, PHE,  0.0000,  -0.3795,   0.0002, 1
A,   41, TYR,  0.6660,  -0.0082,   0.0630, 0
A,   42, GLN,  0.8377,   0.0875,   0.1000, 0
A,   43, SER,  2.3549,   0.9332,   0.4923, 0
A,   44, SER,  2.5354,   1.0338,   0.5289, 0
A,   45, LEU,  0.3151,  -0.2038,   0.0153, 0
A,   46, ALA,  0.8096,   0.0718,   0.0934, 0
A,   47, SER,  2.6332,   1.0883,   0.5475, 0
A,   48, TRP,  0.4580,  -0.1242,   0.0304, 0
A,   49, ASN,  1.7573,   0.6000,   0.3528, 0
A,   50, TYR,  1.9400,   0.7019,   0.3987, 0
A,   51, ASN,  2.1084,   0.7958,   0.4383, 0
A,   52, THR,  1.0499,   0.2058,   0.1543, 0
A,   53, ASN,  0.6601,  -0.0115,   0.0619, 0
A,   54, ILE,  0.0270,  -0.3644,   0.0006, 0
A,   55, THR,  0.2550,  -0.2373,   0.0105, 0
A,   56, GLU,  0.1095,  -0.3184,   0.0027, 0
A,   57, GLU,  0.0646,  -0.3435,   0.0013, 0
A,   58, ASN,  1.1043,   0.2361,   0.1694, 0
A,   59, VAL,  0.0783,  -0.3358,   0.0017, 0
A,   60, GLN,  0.2522,  -0.2389,   0.0103, 0
A,   61, ASN,  1.2870,   0.3379,   0.2212, 0
A,   62, MET,  0.8045,   0.0690,   0.0922, 0
A,   63, ASN,  1.5419,   0.4800,   0.2944, 0
A,   64, ASN,  0.4076,  -0.1523,   0.0244, 0
A,   65, ALA,  0.7865,   0.0589,   0.0881, 0
A,   66, GLY,  1.2392,   0.3113,   0.2074, 0
A,   67, ASP,  1.0198,   0.1890,   0.1463, 0
A,   68, LYS,  0.8844,   0.1135,   0.1113, 0
A,   69, TRP,  0.3238,  -0.1990,   0.0160, 1
A,   70, SER,  1.5791,   0.5007,   0.3045, 0
A,   71, ALA,  0.3028,  -0.2107,   0.0142, 0
A,   72, PHE,  0.1025,  -0.3223,   0.0024, 0
A,   73, LEU,  0.2555,  -0.2370,   0.0105, 0
A,   74, LYS,  2.1667,   0.8282,   0.4516, 0
A,   75, GLU,  0.2051,  -0.2652,   0.0072, 0
A,   76, GLN,  0.6464,  -0.0191,   0.0594, 0
A,   77, SER,  1.0982,   0.2327,   0.1677, 0
A,   78, THR,  0.6863,   0.0031,   0.0670, 0
A,   79, LEU,  0.0573,  -0.3475,   0.0012, 0
A,   80, ALA,  0.0293,  -0.3631,   0.0006, 0
A,   81, GLN,  2.2420,   0.8702,   0.4685, 0
A,   82, MET,  0.2506,  -0.2398,   0.0101, 0
A,   83, TYR,  1.1503,   0.2617,   0.1822, 0
A,   84, PRO,  0.4641,  -0.1208,   0.0311, 0
A,   85, LEU,  0.6744,  -0.0036,   0.0646, 0
A,   86, GLN,  0.7003,   0.0109,   0.0697, 0
A,   87, GLU,  0.1062,  -0.3203,   0.0026, 0
A,   88, ILE,  0.1826,  -0.2777,   0.0059, 0
A,   89, GLN,  0.2657,  -0.2313,   0.0112, 0
A,   90, ASN,  0.6375,  -0.0241,   0.0578, 0
A,   91, LEU,  0.3990,  -0.1570,   0.0235, 0
A,   92, THR,  0.7158,   0.0195,   0.0729, 11
A,   93, VAL,  0.2976,  -0.2136,   0.0138, 11
A,   94, LYS,  1.4848,   0.4482,   0.2783, 0
A,   95, LEU,  0.2995,  -0.2125,   0.0139, 3
A,   96, GLN,  0.4395,  -0.1345,   0.0282, 11
A,   97, LEU,  0.0000,  -0.3795,   0.0002, 0
A,   98, GLN,  4.3793,   2.0616,   0.7772, 3
A,   99, ALA,  1.1784,   0.2774,   0.1902, 3
A,  100, LEU,  0.5630,  -0.0656,   0.0453, 0
A,  101, GLN,  0.9000,   0.1222,   0.1151, 0
A,  102, GLN,  4.5962,   2.1825,   0.7949, 3
A,  103, ASN,  2.4054,   0.9613,   0.5029, 0
A,  104, GLY,  1.4451,   0.4260,   0.2669, 4
A,  105, SER,  2.6051,   1.0727,   0.5422, 4
A,  106, SER,  2.1736,   0.8321,   0.4532, 0
A,  107, VAL,  0.6344,  -0.0259,   0.0572, 0
A,  108, LEU,  0.2553,  -0.2372,   0.0105, 0
A,  109, SER,  0.2546,  -0.2375,   0.0104, 0
A,  110, GLU,  0.2429,  -0.2441,   0.0096, 0
A,  111, ASP,  0.0989,  -0.3243,   0.0023, 0
A,  112, LYS,  0.4236,  -0.1433,   0.0263, 0
A,  113, SER,  1.7653,   0.6045,   0.3548, 0
A,  114, LYS,  0.7264,   0.0254,   0.0752, 0
A,  115, ARG,  0.5970,  -0.0467,   0.0508, 0
A,  116, LEU,  0.0964,  -0.3257,   0.0022, 0
A,  117, ASN,  2.4147,   0.9665,   0.5048, 4
A,  118, THR,  0.5990,  -0.0456,   0.0511, 0
A,  119, ILE,  0.0997,  -0.3239,   0.0023, 0
A,  120, LEU,  0.1187,  -0.3133,   0.0030, 4
A,  121, ASN,  1.9470,   0.7058,   0.4004, 0
A,  122, THR,  0.2975,  -0.2136,   0.0138, 0
A,  123, MET,  0.0709,  -0.3400,   0.0015, 0
A,  124, SER,  1.4572,   0.4328,   0.2705, 0
A,  125, THR,  0.6177,  -0.0352,   0.0543, 0
A,  126, ILE,  0.2135,  -0.2604,   0.0077, 0
A,  127, TYR,  1.3015,   0.3460,   0.2254, 1
A,  128, SER,  1.2878,   0.3384,   0.2214, 0
A,  129, THR,  0.5115,  -0.0944,   0.0375, 0
A,  130, GLY,  0.3055,  -0.2092,   0.0144, 0
A,  131, LYS,  0.9399,   0.1444,   0.1253, 0
A,  132, VAL,  0.2095,  -0.2627,   0.0074, 2
A,  133, CYS,  0.7223,   0.0231,   0.0743, 2
A,  134, ASN,  1.8131,   0.6312,   0.3670, 0
A,  135, PRO,  2.0019,   0.7364,   0.4139, 2
A,  136, ASP,  0.9509,   0.1506,   0.1281, 0
A,  137, ASN,  0.2335,  -0.2493,   0.0090, 0
A,  138, PRO,  0.6336,  -0.0263,   0.0571, 0
A,  139, GLN,  0.1133,  -0.3163,   0.0028, 0
A,  140, GLU,  0.0824,  -0.3335,   0.0018, 0
A,  141, CYS,  0.2996,  -0.2124,   0.0139, 0
A,  142, LEU,  0.3172,  -0.2027,   0.0154, 0
A,  143, LEU,  0.2523,  -0.2388,   0.0103, 0
A,  144, LEU,  0.1242,  -0.3102,   0.0032, 1
A,  145, GLU,  0.2467,  -0.2420,   0.0099, 1
A,  146, PRO,  0.5041,  -0.0984,   0.0365, 0
A,  147, GLY,  0.2132,  -0.2606,   0.0076, 0
A,  148, LEU,  0.1495,  -0.2961,   0.0043, 0
A,  149, ASN,  1.7247,   0.5819,   0.3441, 1
A,  150, GLU,  0.1589,  -0.2909,   0.0047, 0
A,  151, ILE,  0.5370,  -0.0801,   0.0414, 0
A,  152, MET,  0.1150,  -0.3153,   0.0029, 0
A,  153, ALA,  0.1966,  -0.2699,   0.0067, 1
A,  154, ASN,  0.5093,  -0.0956,   0.0372, 0
A,  155, SER,  0.3589,  -0.1794,   0.0193, 15
A,  156, LEU,  0.2359,  -0.2480,   0.0091, 15
A,  157, ASP,  0.2277,  -0.2525,   0.0086, 0
A,  158, TYR,  0.9927,   0.1739,   0.1390, 5
A,  159, ASN,  0.7301,   0.0275,   0.0760, 5
A,  160, GLU,  0.4557,  -0.1255,   0.0301, 0
A,  161, ARG,  0.2198,  -0.2569,   0.0081, 15
A,  162, LEU,  0.0000,  -0.3795,   0.0002, 5
A,  163, TRP,  0.6294,  -0.0286,   0.0564, 2
A,  164, ALA,  0.3055,  -0.2092,   0.0144, 0
A,  165, TRP,  0.0000,  -0.3795,   0.0002, 0
A,  166, GLU,  0.1528,  -0.2943,   0.0045, 2
A,  167, SER,  1.1308,   0.2508,   0.1768, 2
A,  168, TRP,  0.0311,  -0.3621,   0.0007, 0
A,  169, ARG,  0.9908,   0.1728,   0.1385, 6
A,  170, SER,  1.4457,   0.4264,   0.2671, 2
A,  171, GLU,  0.3086,  -0.2075,   0.0147, 2
A,  172, VAL,  0.1271,  -0.3086,   0.0033, 0
A,  173, GLY,  0.0000,  -0.3795,   0.0002, 0
A,  174, LYS,  1.7826,   0.6142,   0.3592, 2
A,  175, GLN,  0.6082,  -0.0404,   0.0527, 0
A,  176, LEU,  0.0441,  -0.3549,   0.0009, 0
A,  177, ARG,  0.3957,  -0.1589,   0.0231, 0
A,  178, PRO,  0.3512,  -0.1837,   0.0186, 0
A,  179, LEU,  0.0824,  -0.3335,   0.0018, 0
A,  180, TYR,  0.2674,  -0.2304,   0.0114, 0
A,  181, GLU,  0.0916,  -0.3284,   0.0021, 0
A,  182, GLU,  0.1204,  -0.3124,   0.0031, 0
A,  183, TYR,  0.3478,  -0.1856,   0.0183, 0
A,  184, VAL,  0.0031,  -0.3777,   0.0003, 12
A,  185, VAL,  0.2150,  -0.2596,   0.0078, 12
A,  186, LEU,  0.2159,  -0.2591,   0.0078, 0
A,  187, LYS,  1.5499,   0.4844,   0.2966, 4
A,  188, ASN,  0.6531,  -0.0154,   0.0606, 12
A,  189, GLU,  0.1300,  -0.3070,   0.0035, 0
A,  190, MET,  0.0909,  -0.3288,   0.0021, 4
A,  191, ALA,  0.0000,  -0.3795,   0.0002, 0
A,  192, ARG,  0.7933,   0.0627,   0.0897, 0
A,  193, ALA,  0.1853,  -0.2762,   0.0060, 0
A,  194, ASN,  0.5067,  -0.0970,   0.0369, 0
A,  195, HIS,  0.7583,   0.0432,   0.0819, 0
A,  196, TYR,  2.3646,   0.9386,   0.4944, 3
A,  197, GLU,  0.4095,  -0.1512,   0.0246, 16
A,  198, ASP,  0.4770,  -0.1136,   0.0328, 0
A,  199, TYR,  1.7720,   0.6083,   0.3565, 4
A,  200, GLY,  0.2619,  -0.2335,   0.0109, 0
A,  201, ASP,  0.9056,   0.1253,   0.1165, 16
A,  202, TYR,  1.9305,   0.6966,   0.3964, 4
A,  203, TRP,  0.3178,  -0.2023,   0.0155, 4
A,  204, ARG,  2.8056,   1.1844,   0.5787, 0
A,  205, GLY,  0.5658,  -0.0641,   0.0457, 3
A,  206, ASP,  0.7687,   0.0490,   0.0842, 3
A,  207, TYR,  0.2878,  -0.2191,   0.0130, 0
A,  208, GLU,  0.8578,   0.0987,   0.1048, 3
A,  209, VAL,  0.1884,  -0.2745,   0.0062, 3
A,  210, ASN,  2.7006,   1.1258,   0.5597, 3
A,  211, GLY,  0.7325,   0.0288,   0.0765, 0
A,  212, VAL,  0.4096,  -0.1512,   0.0246, 0
A,  213, ASP,  0.2172,  -0.2584,   0.0079, 0
A,  214, GLY,  0.1478,  -0.2971,   0.0042, 0
A,  215, TYR,  0.4619,  -0.1220,   0.0309, 0
A,  216, ASP,  0.4146,  -0.1484,   0.0252, 0
A,  217, TYR,  0.5011,  -0.1002,   0.0361, 0
A,  218, SER,  0.7461,   0.0364,   0.0793, 16
A,  219, ARG,  2.4252,   0.9724,   0.5069, 16
A,  220, GLY,  0.8578,   0.0987,   0.1048, 16
A,  221, GLN,  0.9515,   0.1509,   0.1282, 0
A,  222, LEU,  0.0000,  -0.3795,   0.0002, 0
A,  223, ILE,  0.2540,  -0.2379,   0.0104, 0
A,  224, GLU,  0.1332,  -0.3052,   0.0036, 0
A,  225, ASP,  0.1941,  -0.2713,   0.0065, 0
A,  226, VAL,  0.0505,  -0.3513,   0.0010, 0
A,  227, GLU,  0.1266,  -0.3089,   0.0033, 0
A,  228, HIS,  0.1154,  -0.3151,   0.0029, 0
A,  229, THR,  0.3265,  -0.1975,   0.0163, 0
A,  230, PHE,  0.0150,  -0.3711,   0.0004, 0
A,  231, GLU,  0.0610,  -0.3454,   0.0013, 0
A,  232, GLU,  0.0129,  -0.3723,   0.0004, 0
A,  233, ILE,  0.0137,  -0.3718,   0.0004, 0
A,  234, LYS,  1.1215,   0.2457,   0.1742, 0
A,  235, PRO,  0.3975,  -0.1579,   0.0233, 0
A,  236, LEU,  0.2725,  -0.2276,   0.0117, 0
A,  237, TYR,  0.0171,  -0.3699,   0.0004, 0
A,  238, GLU,  0.0807,  -0.3345,   0.0018, 0
A,  239, HIS,  0.0306,  -0.3624,   0.0007, 0
A,  240, LEU,  0.0000,  -0.3795,   0.0002, 0
A,  241, HIS,  0.0000,  -0.3795,   0.0002, 0
A,  242, ALA,  0.0000,  -0.3795,   0.0002, 0
A,  243, TYR,  0.7101,   0.0163,   0.0717, 9
A,  244, VAL,  0.0000,  -0.3795,   0.0002, 0
A,  245, ARG,  0.5351,  -0.0812,   0.0411, 0
A,  246, ALA,  0.7781,   0.0542,   0.0863, 9
A,  247, LYS,  1.5160,   0.4656,   0.2872, 9
A,  248, LEU,  0.0033,  -0.3776,   0.0003, 0
A,  249, MET,  0.1344,  -0.3045,   0.0036, 0
A,  250, ASN,  0.7332,   0.0292,   0.0766, 9
A,  251, ALA,  0.1736,  -0.2827,   0.0054, 0
A,  252, TYR,  0.5568,  -0.0691,   0.0443, 15
A,  253, PRO,  0.6442,  -0.0204,   0.0590, 0
A,  254, SER,  0.3012,  -0.2116,   0.0141, 5
A,  255, TYR,  0.9185,   0.1325,   0.1199, 5
A,  256, ILE,  0.2847,  -0.2208,   0.0127, 0
A,  257, SER,  0.5489,  -0.0735,   0.0431, 0
A,  258, PRO,  0.9294,   0.1386,   0.1226, 0
A,  259, ILE,  0.3442,  -0.1876,   0.0179, 0
A,  260, GLY,  0.1781,  -0.2802,   0.0057, 0
A,  261, CYS,  0.0318,  -0.3617,   0.0007, 0
A,  262, LEU,  0.0000,  -0.3795,   0.0002, 0
A,  263, PRO,  0.0084,  -0.3748,   0.0003, 0
A,  264, ALA,  0.0698,  -0.3406,   0.0015, 6
A,  265, HIS,  0.0000,  -0.3795,   0.0002, 0
A,  266, LEU,  0.0000,  -0.3795,   0.0002, 0
A,  267, LEU,  0.1343,  -0.3046,   0.0036, 0
A,  268, GLY,  0.1837,  -0.2771,   0.0059, 1
A,  269, ASP,  0.1104,  -0.3179,   0.0027, 1
A,  270, MET,  0.6863,   0.0031,   0.0670, 0
A,  271, TRP,  0.4948,  -0.1036,   0.0352, 1
A,  272, GLY,  0.4126,  -0.1495,   0.0250, 0
A,  273, ARG,  7.5559,   3.8322,   0.9325, 1
A,  274, PHE,  0.2275,  -0.2527,   0.0086, 1
A,  275, TRP,  0.0048,  -0.3768,   0.0003, 0
A,  276, THR,  1.0701,   0.2170,   0.1600, 1
A,  277, ASN,  1.1418,   0.2570,   0.1798, 1
A,  278, LEU,  0.2213,  -0.2561,   0.0082, 15
A,  279, TYR,  0.8717,   0.1064,   0.1082, 7
A,  280, SER,  0.9077,   0.1265,   0.1171, 0
A,  281, LEU,  0.5033,  -0.0989,   0.0364, 15
A,  282, THR,  0.2470,  -0.2418,   0.0099, 0
A,  283, VAL,  0.4125,  -0.1495,   0.0250, 0
A,  284, PRO,  0.7254,   0.0249,   0.0750, 0
A,  285, PHE,  0.2540,  -0.2379,   0.0104, 0
A,  286, GLY,  0.3699,  -0.1733,   0.0204, 0
A,  287, GLN,  0.3518,  -0.1834,   0.0186, 0
A,  288, LYS,  0.4057,  -0.1533,   0.0242, 0
A,  289, PRO,  0.7344,   0.0299,   0.0768, 0
A,  290, ASN,  1.5909,   0.5073,   0.3078, 1
A,  291, ILE,  0.4752,  -0.1146,   0.0326, 1
A,  292, ASP,  0.5537,  -0.0708,   0.0438, 7
A,  293, VAL,  0.2813,  -0.2227,   0.0124, 0
A,  294, THR,  0.6674,  -0.0075,   0.0633, 7
A,  295, ASP,  0.3405,  -0.1897,   0.0176, 0
A,  296, ALA,  0.4001,  -0.1565,   0.0236, 0
A,  297, MET,  0.0553,  -0.3487,   0.0011, 0
A,  298, VAL,  0.1352,  -0.3041,   0.0037, 0
A,  299, ASP,  0.1063,  -0.3202,   0.0026, 0
A,  300, GLN,  0.4124,  -0.1496,   0.0249, 0
A,  301, ALA,  0.0594,  -0.3464,   0.0012, 0
A,  302, TRP,  0.1497,  -0.2960,   0.0043, 0
A,  303, ASP,  0.1692,  -0.2851,   0.0052, 0
A,  304, ALA,  0.3322,  -0.1943,   0.0168, 0
A,  305, GLN,  1.0384,   0.1993,   0.1512, 0
A,  306, ARG,  0.6877,   0.0039,   0.0672, 0
A,  307, ILE,  0.0652,  -0.3431,   0.0014, 0
A,  308, PHE,  0.0000,  -0.3795,   0.0002, 0
A,  309, LYS,  0.7706,   0.0501,   0.0846, 0
A,  310, GLU,  0.1703,  -0.2845,   0.0053, 0
A,  311, ALA,  0.0433,  -0.3553,   0.0009, 0
A,  312, GLU,  0.0518,  -0.3506,   0.0011, 0
A,  313, LYS,  0.7350,   0.0302,   0.0770, 8
A,  314, PHE,  0.2009,  -0.2675,   0.0069, 8
A,  315, PHE,  0.0073,  -0.3754,   0.0003, 0
A,  316, VAL,  0.0369,  -0.3589,   0.0008, 0
A,  317, SER,  0.4214,  -0.1446,   0.0260, 8
A,  318, VAL,  0.0455,  -0.3541,   0.0009, 0
A,  319, GLY,  0.1269,  -0.3087,   0.0033, 0
A,  320, LEU,  0.3571,  -0.1804,   0.0191, 0
A,  321, PRO,  0.6637,  -0.0095,   0.0626, 0
A,  322, ASN,  0.3717,  -0.1723,   0.0206, 0
A,  323, MET,  0.1597,  -0.2904,   0.0048, 0
A,  324, THR,  0.3050,  -0.2095,   0.0144, 0
A,  325, GLN,  0.3563,  -0.1809,   0.0191, 0
A,  326, GLY,  0.5463,  -0.0750,   0.0427, 0
A,  327, PHE,  0.4369,  -0.1359,   0.0279, 0
A,  328, TRP,  0.1021,  -0.3225,   0.0024, 0
A,  329, GLU,  0.1929,  -0.2719,   0.0065, 0
A,  330, ASN,  0.9880,   0.1713,   0.1377, 0
A,  331, SER,  0.5585,  -0.0681,   0.0446, 0
A,  332, MET,  0.6695,  -0.0063,   0.0637, 0
A,  333, LEU,  1.0042,   0.1803,   0.1420, 0
A,  334, THR,  0.7925,   0.0623,   0.0895, 0
A,  335, ASP,  0.3018,  -0.2112,   0.0141, 14
A,  336, PRO,  0.4413,  -0.1335,   0.0284, 0
A,  337, GLY,  0.1793,  -0.2795,   0.0057, 14
A,  338, ASN,  0.0794,  -0.3352,   0.0017, 14
A,  339, VAL,  0.0440,  -0.3550,   0.0009, 0
A,  340, GLN,  1.1170,   0.2432,   0.1730, 14
A,  341, LYS,  0.1474,  -0.2973,   0.0042, 14
A,  342, ALA,  0.2075,  -0.2638,   0.0073, 14
A,  343, VAL,  0.4674,  -0.1189,   0.0316, 1
A,  344, CYS,  0.7084,   0.0154,   0.0714, 14
A,  345, HIS,  1.0375,   0.1988,   0.1510, 1
A,  346, PRO,  3.5431,   1.5955,   0.6886, 1
A,  347, THR,  1.2055,   0.2925,   0.1978, 1
A,  348, ALA,  5.4513,   2.6591,   0.8527, 1
A,  349, TRP,  1.8374,   0.6447,   0.3733, 0
A,  350, ASP,  3.6033,   1.6290,   0.6964, 1
A,  351, LEU,  0.2898,  -0.2179,   0.0131, 0
A,  352, GLY,  1.0926,   0.2295,   0.1661, 1
A,  353, LYS,  1.0126,   0.1850,   0.1443, 1
A,  354, GLY,  0.8400,   0.0887,   0.1005, 1
A,  355, ASP,  0.4580,  -0.1242,   0.0304, 0
A,  356, PHE,  0.3513,  -0.1836,   0.0186, 0
A,  357, ARG,  1.4492,   0.4283,   0.2682, 0
A,  358, ILE,  0.0000,  -0.3795,   0.0002, 0
A,  359, LEU,  0.0000,  -0.3795,   0.0002, 0
A,  360, MET,  0.0000,  -0.3795,   0.0002, 0
A,  361, CYS,  0.8443,   0.0911,   0.1015, 0
A,  362, THR,  0.2902,  -0.2177,   0.0132, 0
A,  363, LYS,  1.6194,   0.5232,   0.3155, 0
A,  364, VAL,  0.2042,  -0.2656,   0.0071, 0
A,  365, THR,  0.4339,  -0.1376,   0.0275, 7
A,  366, MET,  0.4369,  -0.1359,   0.0279, 1
A,  367, ASP,  1.0760,   0.2203,   0.1616, 1
A,  368, ASP,  0.4536,  -0.1266,   0.0299, 0
A,  369, PHE,  0.0000,  -0.3795,   0.0002, 0
A,  370, LEU,  0.1964,  -0.2700,   0.0067, 1
A,  371, THR,  2.7823,   1.1714,   0.5746, 1
A,  372, ALA,  0.0162,  -0.3704,   0.0004, 0
A,  373, HIS,  0.0000,  -0.3795,   0.0002, 0
A,  374, HIS,  1.0504,   0.2060,   0.1545, 1
A,  375, GLU,  1.1228,   0.2464,   0.1746, 1
A,  376, MET,  0.0000,  -0.3795,   0.0002, 0
A,  377, GLY,  0.0000,  -0.3795,   0.0002, 0
A,  378, HIS,  5.4003,   2.6307,   0.8498, 1
A,  379, ILE,  0.6293,  -0.0287,   0.0563, 0
A,  380, GLN,  0.0600,  -0.3460,   0.0012, 0
A,  381, TYR,  0.0600,  -0.3460,   0.0012, 0
A,  382, ASP,  0.9338,   0.1410,   0.1237, 1
A,  383, MET,  0.0234,  -0.3664,   0.0005, 0
A,  384, ALA,  0.1432,  -0.2996,   0.0040, 0
A,  385, TYR,  3.8903,   1.7890,   0.7302, 1
A,  386, ALA,  0.3816,  -0.1668,   0.0216, 1
A,  387, ALA,  0.4349,  -0.1370,   0.0276, 0
A,  388, GLN,  0.8551,   0.0972,   0.1041, 0
A,  389, PRO,  1.1516,   0.2624,   0.1826, 11
A,  390, PHE,  0.6963,   0.0087,   0.0689, 1
A,  391, LEU,  0.2643,  -0.2322,   0.0111, 3
A,  392, LEU,  0.3624,  -0.1775,   0.0196, 3
A,  393, ARG,  2.5359,   1.0341,   0.5290, 1
A,  394, ASN,  2.6300,   1.0865,   0.5469, 1
A,  395, GLY,  1.2535,   0.3192,   0.2115, 0
A,  396, ALA,  0.0405,  -0.3569,   0.0008, 3
A,  397, ASN,  0.1443,  -0.2990,   0.0041, 0
A,  398, GLU,  0.3588,  -0.1795,   0.0193, 1
A,  399, GLY,  0.1077,  -0.3194,   0.0026, 0
A,  400, PHE,  0.0525,  -0.3502,   0.0011, 0
A,  401, HIS,  0.8519,   0.0954,   0.1033, 1
A,  402, GLU,  2.2380,   0.8680,   0.4677, 1
A,  403, ALA,  0.0000,  -0.3795,   0.0002, 0
A,  404, VAL,  0.0000,  -0.3795,   0.0002, 0
A,  405, GLY,  0.0000,  -0.3795,   0.0002, 0
A,  406, GLU,  0.0000,  -0.3795,   0.0002, 1
A,  407, ILE,  0.0000,  -0.3795,   0.0002, 0
A,  408, MET,  0.0000,  -0.3795,   0.0002, 0
A,  409, SER,  1.8285,   0.6397,   0.3710, 1
A,  410, LEU,  1.2059,   0.2927,   0.1980, 1
A,  411, SER,  0.0791,  -0.3354,   0.0017, 0
A,  412, ALA,  0.0000,  -0.3795,   0.0002, 0
A,  413, ALA,  0.1945,  -0.2711,   0.0065, 0
A,  414, THR,  0.1796,  -0.2793,   0.0057, 0
A,  415, PRO,  0.7676,   0.0484,   0.0840, 0
A,  416, LYS,  1.9829,   0.7258,   0.4093, 0
A,  417, HIS,  0.9012,   0.1229,   0.1154, 8
A,  418, LEU,  0.0000,  -0.3795,   0.0002, 0
A,  419, LYS,  0.3263,  -0.1976,   0.0163, 0
A,  420, SER,  0.7347,   0.0300,   0.0769, 8
A,  421, ILE,  0.3400,  -0.1899,   0.0176, 8
A,  422, GLY,  0.1155,  -0.3151,   0.0029, 0
A,  423, LEU,  0.0731,  -0.3387,   0.0016, 0
A,  424, LEU,  0.2765,  -0.2254,   0.0121, 0
A,  425, SER,  0.7819,   0.0564,   0.0871, 0
A,  426, PRO,  0.2635,  -0.2326,   0.0111, 0
A,  427, ASP,  0.1435,  -0.2995,   0.0040, 0
A,  428, PHE,  0.2051,  -0.2652,   0.0072, 0
A,  429, GLN,  0.2786,  -0.2242,   0.0122, 0
A,  430, GLU,  0.4260,  -0.1420,   0.0265, 0
A,  431, ASP,  0.1989,  -0.2686,   0.0068, 0
A,  432, ASN,  0.6521,  -0.0160,   0.0604, 0
A,  433, GLU,  0.1597,  -0.2904,   0.0048, 0
A,  434, THR,  0.1680,  -0.2858,   0.0052, 0
A,  435, GLU,  0.4177,  -0.1467,   0.0255, 0
A,  436, ILE,  0.5483,  -0.0738,   0.0430, 0
A,  437, ASN,  0.2144,  -0.2600,   0.0077, 0
A,  438, PHE,  0.3704,  -0.1730,   0.0204, 1
A,  439, LEU,  0.4377,  -0.1355,   0.0280, 0
A,  440, LEU,  0.0000,  -0.3795,   0.0002, 0
A,  441, LYS,  3.4896,   1.5656,   0.6814, 1
A,  442, GLN,  5.7094,   2.8030,   0.8663, 1
A,  443, ALA,  0.0000,  -0.3795,   0.0002, 0
A,  444, LEU,  0.0000,  -0.3795,   0.0002, 0
A,  445, THR,  2.6403,   1.0922,   0.5488, 1
A,  446, ILE,  1.9057,   0.6828,   0.3904, 1
A,  447, VAL,  0.0194,  -0.3687,   0.0005, 0
A,  448, GLY,  0.0000,  -0.3795,   0.0002, 0
A,  449, THR,  1.6265,   0.5272,   0.3175, 1
A,  450, LEU,  0.0000,  -0.3795,   0.0002, 0
A,  451, PRO,  0.0000,  -0.3795,   0.0002, 0
A,  452, PHE,  0.0000,  -0.3795,   0.0002, 0
A,  453, THR,  0.8986,   0.1214,   0.1148, 0
A,  454, TYR,  0.9204,   0.1336,   0.1204, 0
A,  455, MET,  0.0000,  -0.3795,   0.0002, 0
A,  456, LEU,  0.0000,  -0.3795,   0.0002, 0
A,  457, GLU,  0.0000,  -0.3795,   0.0002, 0
A,  458, LYS,  2.0345,   0.7546,   0.4216, 0
A,  459, TRP,  0.0000,  -0.3795,   0.0002, 0
A,  460, ARG,  0.2878,  -0.2190,   0.0130, 0
A,  461, TRP,  0.9399,   0.1445,   0.1253, 0
A,  462, MET,  1.2377,   0.3104,   0.2070, 0
A,  463, VAL,  0.0409,  -0.3567,   0.0008, 12
A,  464, PHE,  0.3196,  -0.2013,   0.0157, 12
A,  465, LYS,  2.9640,   1.2727,   0.6055, 0
A,  466, GLY,  0.3252,  -0.1982,   0.0162, 12
A,  467, GLU,  0.1732,  -0.2829,   0.0054, 0
A,  468, ILE,  0.0468,  -0.3534,   0.0010, 12
A,  469, PRO,  0.1242,  -0.3102,   0.0032, 0
A,  470, LYS,  0.4548,  -0.1259,   0.0300, 12
A,  471, ASP,  0.0635,  -0.3440,   0.0013, 2
A,  472, GLN,  0.8482,   0.0933,   0.1024, 0
A,  473, TRP,  0.0139,  -0.3717,   0.0004, 12
A,  474, MET,  0.0134,  -0.3720,   0.0004, 2
A,  475, LYS,  1.4934,   0.4529,   0.2808, 2
A,  476, LYS,  1.3722,   0.3854,   0.2456, 0
A,  477, TRP,  0.0149,  -0.3711,   0.0004, 6
A,  478, TRP,  0.2779,  -0.2245,   0.0122, 2
A,  479, GLU,  1.0058,   0.1812,   0.1425, 2
A,  480, MET,  0.5645,  -0.0648,   0.0455, 0
A,  481, LYS,  0.9908,   0.1728,   0.1385, 6
A,  482, ARG,  2.5923,   1.0655,   0.5397, 2
A,  483, GLU,  0.0927,  -0.3278,   0.0021, 0
A,  484, ILE,  0.3592,  -0.1792,   0.0193, 0
A,  485, VAL,  0.0000,  -0.3795,   0.0002, 0
A,  486, GLY,  0.0000,  -0.3795,   0.0002, 0
A,  487, VAL,  0.0000,  -0.3795,   0.0002, 0
A,  488, VAL,  0.0000,  -0.3795,   0.0002, 0
A,  489, GLU,  0.0033,  -0.3776,   0.0003, 2
A,  490, PRO,  0.1852,  -0.2762,   0.0060, 5
A,  491, VAL,  0.0598,  -0.3461,   0.0012, 0
A,  492, PRO,  1.6779,   0.5558,   0.3315, 2
A,  493, HIS,  1.4423,   0.4245,   0.2661, 2
A,  494, ASP,  0.9240,   0.1356,   0.1213, 2
A,  495, GLU,  0.5377,  -0.0798,   0.0415, 2
A,  496, THR,  0.9525,   0.1515,   0.1285, 2
A,  497, TYR,  1.6112,   0.5186,   0.3133, 2
A,  498, CYS,  0.0000,  -0.3795,   0.0002, 0
A,  499, ASP,  0.1721,  -0.2835,   0.0054, 6
A,  500, PRO,  0.5065,  -0.0972,   0.0368, 6
A,  501, ALA,  0.0016,  -0.3786,   0.0003, 0
A,  502, SER,  0.6769,  -0.0022,   0.0651, 0
A,  503, LEU,  0.0751,  -0.3376,   0.0016, 1
A,  504, PHE,  1.2239,   0.3028,   0.2031, 1
A,  505, HIS,  1.3446,   0.3700,   0.2377, 1
A,  506, VAL,  0.0000,  -0.3795,   0.0002, 0
A,  507, SER,  0.0383,  -0.3581,   0.0008, 0
A,  508, ASN,  1.6655,   0.5489,   0.3281, 0
A,  509, ASP,  0.3603,  -0.1787,   0.0194, 4
A,  510, TYR,  1.8526,   0.6532,   0.3772, 1
A,  511, SER,  0.5740,  -0.0595,   0.0471, 4
A,  512, PHE,  0.1366,  -0.3033,   0.0037, 0
A,  513, ILE,  0.1366,  -0.3033,   0.0037, 0
A,  514, ARG,  2.7425,   1.1492,   0.5674, 1
A,  515, TYR,  6.0372,   2.9857,   0.8820, 1
A,  516, TYR,  0.0000,  -0.3795,   0.0002, 0
A,  517, THR,  0.0000,  -0.3795,   0.0002, 0
A,  518, ARG,  9.8566,   5.1146,   0.9709, 1
A,  519, THR,  3.5762,   1.6139,   0.6929, 1
A,  520, LEU,  0.0000,  -0.3795,   0.0002, 0
A,  521, TYR,  0.0000,  -0.3795,   0.0002, 0
A,  522, GLN,  3.6457,   1.6527,   0.7017, 1
A,  523, PHE,  0.0000,  -0.3795,   0.0002, 0
A,  524, GLN,  1.3067,   0.3489,   0.2269, 0
A,  525, PHE,  0.0347,  -0.3601,   0.0007, 0
A,  526, GLN,  0.0632,  -0.3442,   0.0013, 0
A,  527, GLU,  0.0811,  -0.3342,   0.0018, 13
A,  528, ALA,  0.6139,  -0.0373,   0.0536, 0
A,  529, LEU,  0.0338,  -0.3606,   0.0007, 0
A,  530, CYS,  0.0196,  -0.3685,   0.0005, 13
A,  531, GLN,  0.9447,   0.1471,   0.1265, 13
A,  532, ALA,  0.1289,  -0.3076,   0.0034, 0
A,  533, ALA,  0.1465,  -0.2978,   0.0042, 0
A,  534, LYS,  0.2977,  -0.2135,   0.0138, 0
A,  535, HIS,  0.4698,  -0.1176,   0.0319, 13
A,  536, GLU,  0.5116,  -0.0943,   0.0376, 0
A,  537, GLY,  0.0951,  -0.3264,   0.0022, 13
A,  538, PRO,  0.5450,  -0.0757,   0.0425, 13
A,  539, LEU,  0.2670,  -0.2306,   0.0113, 13
A,  540, HIS,  0.2320,  -0.2502,   0.0089, 0
A,  541, LYS,  1.3353,   0.3649,   0.2350, 0
A,  542, CYS,  0.2341,  -0.2490,   0.0090, 0
A,  543, ASP,  0.7667,   0.0479,   0.0837, 8
A,  544, ILE,  0.3063,  -0.2087,   0.0145, 0
A,  545, SER,  0.9152,   0.1307,   0.1190, 8
A,  546, ASN,  1.2174,   0.2991,   0.2013, 8
A,  547, SER,  0.6168,  -0.0356,   0.0541, 0
A,  548, THR,  0.3935,  -0.1601,   0.0229, 0
A,  549, GLU,  0.3188,  -0.2018,   0.0156, 0
A,  550, ALA,  0.1090,  -0.3187,   0.0026, 0
A,  551, GLY,  0.0663,  -0.3425,   0.0014, 0
A,  552, GLN,  1.1217,   0.2458,   0.1743, 0
A,  553, LYS,  0.8005,   0.0668,   0.0913, 0
A,  554, LEU,  0.0474,  -0.3531,   0.0010, 0
A,  555, PHE,  0.1668,  -0.2865,   0.0051, 0
A,  556, ASN,  1.2159,   0.2983,   0.2009, 0
A,  557, MET,  0.3577,  -0.1801,   0.0192, 0
A,  558, LEU,  0.0000,  -0.3795,   0.0002, 0
A,  559, ARG,  0.9501,   0.1501,   0.1279, 0
A,  560, LEU,  0.2348,  -0.2486,   0.0091, 0
A,  561, GLY,  0.0000,  -0.3795,   0.0002, 0
A,  562, LYS,  3.3302,   1.4768,   0.6601, 3
A,  563, SER,  0.6442,  -0.0204,   0.0590, 0
A,  564, GLU,  0.1242,  -0.3102,   0.0032, 3
A,  565, PRO,  0.5692,  -0.0622,   0.0463, 3
A,  566, TRP,  0.2761,  -0.2256,   0.0120, 3
A,  567, THR,  0.3091,  -0.2072,   0.0147, 0
A,  568, LEU,  0.0217,  -0.3674,   0.0005, 0
A,  569, ALA,  0.0000,  -0.3795,   0.0002, 0
A,  570, LEU,  0.0000,  -0.3795,   0.0002, 0
A,  571, GLU,  0.0074,  -0.3753,   0.0003, 0
A,  572, ASN,  0.8984,   0.1213,   0.1147, 0
A,  573, VAL,  0.1818,  -0.2781,   0.0059, 0
A,  574, VAL,  0.2319,  -0.2502,   0.0089, 0
A,  575, GLY,  0.5053,  -0.0978,   0.0367, 0
A,  576, ALA,  0.6798,  -0.0006,   0.0657, 0
A,  577, LYS,  0.9126,   0.1292,   0.1184, 0
A,  578, ASN,  1.6753,   0.5544,   0.3308, 0
A,  579, MET,  0.3268,  -0.1973,   0.0163, 0
A,  580, ASN,  1.8535,   0.6537,   0.3774, 0
A,  581, VAL,  0.4132,  -0.1491,   0.0250, 0
A,  582, ARG,  1.4256,   0.4152,   0.2613, 0
A,  583, PRO,  1.2995,   0.3449,   0.2248, 0
A,  584, LEU,  0.0000,  -0.3795,   0.0002, 0
A,  585, LEU,  0.1612,  -0.2896,   0.0048, 0
A,  586, ASN,  0.9776,   0.1655,   0.1351, 13
A,  587, TYR,  0.1559,  -0.2925,   0.0046, 0
A,  588, PHE,  0.0935,  -0.3274,   0.0021, 0
A,  589, GLU,  0.2573,  -0.2361,   0.0106, 0
A,  590, PRO,  0.6787,  -0.0012,   0.0655, 0
A,  591, LEU,  0.1802,  -0.2790,   0.0058, 0
A,  592, PHE,  0.0629,  -0.3444,   0.0013, 0
A,  593, THR,  0.1971,  -0.2696,   0.0067, 0
A,  594, TRP,  0.2375,  -0.2471,   0.0092, 0
A,  595, LEU,  0.0038,  -0.3774,   0.0003, 0
A,  596, LYS,  0.6563,  -0.0136,   0.0612, 0
A,  597, ASP,  0.1100,  -0.3181,   0.0027, 0
A,  598, GLN,  0.9902,   0.1725,   0.1383, 9
A,  599, ASN,  0.3502,  -0.1843,   0.0185, 9
A,  600, LYS,  0.3852,  -0.1648,   0.0220, 0
A,  601, ASN,  0.2465,  -0.2420,   0.0099, 0
A,  602, SER,  1.1262,   0.2483,   0.1755, 9
A,  603, PHE,  0.6887,   0.0044,   0.0674, 0
A,  604, VAL,  0.3631,  -0.1771,   0.0197, 0
A,  605, GLY,  0.1992,  -0.2684,   0.0068, 0
A,  606, TRP,  0.5746,  -0.0592,   0.0472, 0
A,  607, SER,  0.4309,  -0.1393,   0.0271, 0
A,  608, THR,  0.3863,  -0.1642,   0.0221, 2
A,  609, ASP,  0.2661,  -0.2311,   0.0113, 2
A,  610, TRP,  0.2555,  -0.2370,   0.0105, 0
A,  611, SER,  0.9445,   0.1470,   0.1264, 2
A,  612, PRO,  0.6479,  -0.0183,   0.0596, 5
A,  613, TYR,  2.8067,   1.1850,   0.5789, 2
A,  614, ALA,  0.8123,   0.0733,   0.0940, 2
A,  615, ASP,  0.3945,  -0.1596,   0.0230, 0
A,  616, GLN,  0.6726,  -0.0046,   0.0643, 5
A,  617, SER,  0.5648,  -0.0646,   0.0456, 2
A,  618, ILE,  0.0886,  -0.3301,   0.0020, 0
A,  619, LYS,  2.2541,   0.8770,   0.4711, 10
A,  620, VAL,  0.2657,  -0.2314,   0.0112, 0
A,  621, ARG,  0.6398,  -0.0229,   0.0582, 10
A,  622, ILE,  0.2804,  -0.2231,   0.0124, 0
A,  623, SER,  0.8862,   0.1145,   0.1117, 0
A,  624, LEU,  0.7893,   0.0605,   0.0888, 0
A,  625, LYS,  0.7650,   0.0470,   0.0834, 0
A,  626, SER,  0.7118,   0.0173,   0.0721, 0
A,  627, ALA,  0.4615,  -0.1222,   0.0308, 0
A,  628, LEU,  0.0510,  -0.3510,   0.0010, 0
A,  629, GLY,  0.0889,  -0.3299,   0.0020, 0
A,  630, ASP,  0.1061,  -0.3203,   0.0025, 0
A,  631, LYS,  0.1309,  -0.3065,   0.0035, 0
A,  632, ALA,  0.1072,  -0.3197,   0.0026, 0
A,  633, TYR,  0.5309,  -0.0836,   0.0404, 0
A,  634, GLU,  0.0936,  -0.3273,   0.0021, 0
A,  635, TRP,  0.3934,  -0.1602,   0.0228, 0
A,  636, ASN,  0.4287,  -0.1405,   0.0269, 0
A,  637, ASP,  0.3222,  -0.1999,   0.0159, 2
A,  638, ASN,  0.3450,  -0.1872,   0.0180, 0
A,  639, GLU,  0.1858,  -0.2759,   0.0061, 0
A,  640, MET,  0.1438,  -0.2993,   0.0041, 2
A,  641, TYR,  0.5363,  -0.0805,   0.0413, 2
A,  642, LEU,  0.1848,  -0.2764,   0.0060, 0
A,  643, PHE,  0.0241,  -0.3661,   0.0005, 0
A,  644, ARG,  1.2482,   0.3163,   0.2100, 2
A,  645, SER,  0.4436,  -0.1322,   0.0287, 0
A,  646, SER,  0.6487,  -0.0179,   0.0598, 0
A,  647, VAL,  0.0634,  -0.3441,   0.0013, 0
A,  648, ALA,  0.1632,  -0.2885,   0.0049, 0
A,  649, TYR,  1.1827,   0.2798,   0.1914, 0
A,  650, ALA,  0.2095,  -0.2627,   0.0074, 0
A,  651, MET,  0.0000,  -0.3795,   0.0002, 0
A,  652, ARG,  0.8120,   0.0732,   0.0940, 0
A,  653, GLN,  0.6390,  -0.0233,   0.0580, 0
A,  654, TYR,  0.1208,  -0.3121,   0.0031, 0
A,  655, PHE,  0.0000,  -0.3795,   0.0002, 0
A,  656, LEU,  0.0417,  -0.3562,   0.0008, 0
A,  657, LYS,  0.6667,  -0.0078,   0.0632, 0
A,  658, VAL,  0.0140,  -0.3717,   0.0004, 0
A,  659, LYS,  0.9450,   0.1473,   0.1266, 0
A,  660, ASN,  0.0744,  -0.3380,   0.0016, 0
A,  661, GLN,  0.4493,  -0.1290,   0.0293, 0
A,  662, MET,  0.0774,  -0.3363,   0.0017, 0
A,  663, ILE,  0.0910,  -0.3287,   0.0021, 0
A,  664, LEU,  0.2057,  -0.2648,   0.0072, 0
A,  665, PHE,  0.1282,  -0.3080,   0.0034, 0
A,  666, GLY,  0.3363,  -0.1920,   0.0172, 0
A,  667, GLU,  0.3483,  -0.1853,   0.0183, 2
A,  668, GLU,  0.3247,  -0.1985,   0.0161, 2
A,  669, ASP,  0.1051,  -0.3209,   0.0025, 2
A,  670, VAL,  0.0363,  -0.3592,   0.0007, 2
A,  671, ARG,  1.9710,   0.7192,   0.4064, 2
A,  672, VAL,  0.6602,  -0.0115,   0.0619, 2
A,  673, ALA,  0.3705,  -0.1729,   0.0205, 2
A,  674, ASN,  5.0126,   2.4146,   0.8257, 2
A,  675, LEU,  1.3191,   0.3558,   0.2305, 2
A,  676, LYS,  2.0904,   0.7857,   0.4344, 10
A,  677, PRO,  0.6935,   0.0071,   0.0684, 0
A,  678, ARG,  1.0566,   0.2095,   0.1562, 10
A,  679, ILE,  0.2464,  -0.2421,   0.0099, 0
A,  680, SER,  0.6879,   0.0040,   0.0673, 10
A,  681, PHE,  0.4477,  -0.1299,   0.0291, 0
A,  682, ASN,  3.0006,   1.2931,   0.6113, 2
A,  683, PHE,  0.0322,  -0.3615,   0.0007, 0
A,  684, PHE,  0.0000,  -0.3795,   0.0002, 0
A,  685, VAL,  0.0000,  -0.3795,   0.0002, 0
A,  686, THR,  0.0786,  -0.3357,   0.0017, 2
A,  687, ALA,  0.5168,  -0.0914,   0.0383, 0
A,  688, PRO,  1.1821,   0.2794,   0.1912, 0
A,  689, LYS,  0.5549,  -0.0702,   0.0440, 2
A,  690, ASN,  1.7319,   0.5859,   0.3461, 0
A,  691, VAL,  1.5741,   0.4980,   0.3032, 2
A,  692, SER,  1.1720,   0.2738,   0.1884, 5
A,  693, ASP,  0.4946,  -0.1038,   0.0352, 0
A,  694, ILE,  0.4122,  -0.1497,   0.0249, 5
A,  695, ILE,  0.1348,  -0.3043,   0.0037, 0
A,  696, PRO,  0.7246,   0.0244,   0.0748, 0
A,  697, ARG,  0.9025,   0.1236,   0.1158, 0
A,  698, THR,  0.4826,  -0.1105,   0.0336, 0
A,  699, GLU,  0.1860,  -0.2758,   0.0061, 0
A,  700, VAL,  0.0000,  -0.3795,   0.0002, 0
A,  701, GLU,  0.1019,  -0.3226,   0.0024, 0
A,  702, LYS,  0.2921,  -0.2166,   0.0133, 0
A,  703, ALA,  0.0279,  -0.3639,   0.0006, 0
A,  704, ILE,  0.0000,  -0.3795,   0.0002, 0
A,  705, ARG,  0.4465,  -0.1306,   0.0290, 0
A,  706, MET,  0.0770,  -0.3366,   0.0017, 0
A,  707, SER,  0.5590,  -0.0679,   0.0447, 0
A,  708, ARG,  0.6389,  -0.0234,   0.0580, 0
A,  709, SER,  0.9062,   0.1256,   0.1167, 0
A,  710, ARG,  1.3217,   0.3573,   0.2312, 0
A,  711, ILE,  0.2738,  -0.2269,   0.0118, 0
A,  712, ASN,  0.6407,  -0.0224,   0.0583, 0
A,  713, ASP,  0.3018,  -0.2113,   0.0141, 0
A,  714, ALA,  0.1806,  -0.2788,   0.0058, 0
A,  715, PHE,  0.1467,  -0.2977,   0.0042, 0
A,  716, ARG,  0.4484,  -0.1295,   0.0292, 0
A,  717, LEU,  0.1122,  -0.3169,   0.0028, 0
A,  718, ASN,  0.4690,  -0.1180,   0.0318, 0
A,  719, ASP,  0.5633,  -0.0655,   0.0453, 0
A,  720, ASN,  0.5099,  -0.0953,   0.0373, 0
A,  721, SER,  0.2688,  -0.2296,   0.0115, 0
A,  722, LEU,  0.0533,  -0.3498,   0.0011, 0
A,  723, GLU,  0.0752,  -0.3376,   0.0016, 0
A,  724, PHE,  0.1948,  -0.2709,   0.0066, 0
A,  725, LEU,  0.3216,  -0.2002,   0.0158, 0
A,  726, GLY,  0.3900,  -0.1620,   0.0225, 0
A,  727, ILE,  0.2368,  -0.2475,   0.0092, 0
A,  728, GLN,  0.3037,  -0.2102,   0.0143, 0
A,  729, PRO,  0.4691,  -0.1180,   0.0318, 0
A,  730, THR,  0.5466,  -0.0748,   0.0428, 0
A,  731, LEU,  0.3375,  -0.1914,   0.0173, 0
A,  732, GLY,  0.1702,  -0.2846,   0.0053, 0
A,  733, PRO,  0.2060,  -0.2646,   0.0072, 0
A,  734, PRO,  0.1997,  -0.2682,   0.0068, 0
A,  735, ASN,  0.1540,  -0.2936,   0.0045, 0
A,  736, GLN,  0.3012,  -0.2116,   0.0141, 0
A,  737, PRO,  0.2807,  -0.2230,   0.0124, 0
A,  738, PRO,  0.1673,  -0.2862,   0.0051, 0
A,  739, VAL,  0.1430,  -0.2998,   0.0040, 0
A,  740, SER,  0.5384,  -0.0793,   0.0416, 0
A,  741, ILE,  0.2629,  -0.2329,   0.0110, 0
A,  742, TRP,  0.3062,  -0.2088,   0.0145, 0
A,  743, LEU,  0.2650,  -0.2317,   0.0112, 0
A,  744, ILE,  0.1431,  -0.2997,   0.0040, 0
A,  745, VAL,  0.2819,  -0.2223,   0.0125, 0
A,  746, PHE,  0.3144,  -0.2042,   0.0152, 0
A,  747, GLY,  0.3513,  -0.1836,   0.0186, 0
A,  748, VAL,  0.3573,  -0.1803,   0.0192, 0
A,  749, VAL,  0.1797,  -0.2793,   0.0057, 0
A,  750, MET,  0.2572,  -0.2361,   0.0106, 0
A,  751, GLY,  0.3680,  -0.1743,   0.0202, 0
A,  752, VAL,  0.2575,  -0.2360,   0.0106, 0
A,  753, ILE,  0.1536,  -0.2938,   0.0045, 0
A,  754, VAL,  0.1946,  -0.2710,   0.0066, 0
A,  755, VAL,  0.2000,  -0.2680,   0.0069, 0
A,  756, GLY,  0.2420,  -0.2446,   0.0096, 0
A,  757, ILE,  0.2481,  -0.2412,   0.0100, 0
A,  758, VAL,  0.1696,  -0.2849,   0.0052, 0
A,  759, ILE,  0.5740,  -0.0595,   0.0471, 0
A,  760, LEU,  0.4061,  -0.1531,   0.0242, 0
A,  761, ILE,  0.1641,  -0.2880,   0.0050, 0
A,  762, PHE,  0.5175,  -0.0910,   0.0384, 0
A,  763, THR,  0.6158,  -0.0362,   0.0539, 0
A,  764, GLY,  0.2437,  -0.2436,   0.0097, 0
A,  765, ILE,  0.1078,  -0.3194,   0.0026, 0
A,  766, ARG,  0.5392,  -0.0789,   0.0417, 0
A,  767, ASP,  0.1252,  -0.3096,   0.0033, 0
A,  768, ARG,  0.3258,  -0.1979,   0.0162, 0
A,  769, LYS,  0.4973,  -0.1023,   0.0355, 0
A,  770, LYS,  0.3510,  -0.1838,   0.0186, 0
A,  771, LYS,  0.3292,  -0.1960,   0.0165, 0
A,  772, ASN,  0.4435,  -0.1323,   0.0286, 0
A,  773, LYS,  0.3930,  -0.1604,   0.0228, 0
A,  774, ALA,  0.1557,  -0.2927,   0.0046, 0
A,  775, ARG,  0.2853,  -0.2204,   0.0128, 0
A,  776, SER,  0.1698,  -0.2848,   0.0052, 0
A,  777, GLY,  0.1117,  -0.3172,   0.0027, 0
A,  778, GLU,  0.0587,  -0.3467,   0.0012, 0
A,  779, ASN,  0.1402,  -0.3013,   0.0039, 0
A,  780, PRO,  0.2564,  -0.2365,   0.0106, 0
A,  781, TYR,  0.1974,  -0.2694,   0.0067, 0
A,  782, ALA,  0.1734,  -0.2828,   0.0054, 0
A,  783, SER,  0.1684,  -0.2856,   0.0052, 0
A,  784, ILE,  0.0769,  -0.3366,   0.0017, 0
A,  785, ASP,  0.1481,  -0.2969,   0.0042, 0
A,  786, ILE,  0.0811,  -0.3343,   0.0018, 0
A,  787, SER,  0.1086,  -0.3189,   0.0026, 0
A,  788, LYS,  0.1262,  -0.3091,   0.0033, 0
A,  789, GLY,  0.0835,  -0.3329,   0.0018, 0
A,  790, GLU,  0.0264,  -0.3648,   0.0006, 0
A,  791, ASN,  0.0600,  -0.3460,   0.0012, 0
A,  792, ASN,  0.0770,  -0.3366,   0.0017, 0
A,  793, PRO,  0.1620,  -0.2891,   0.0049, 0
A,  794, GLY,  0.1203,  -0.3124,   0.0031, 0
A,  795, PHE,  0.1429,  -0.2998,   0.0040, 0
A,  796, GLN,  0.1717,  -0.2838,   0.0053, 0
A,  797, ASN,  0.1066,  -0.3201,   0.0026, 0
A,  798, THR,  0.1337,  -0.3049,   0.0036, 0
A,  799, ASP,  0.0651,  -0.3432,   0.0014, 0
A,  800, ASP,  0.0565,  -0.3480,   0.0012, 0
A,  801, VAL,  0.0518,  -0.3506,   0.0011, 0
A,  802, GLN,  0.0962,  -0.3259,   0.0022, 0
A,  803, THR,  0.1887,  -0.2743,   0.0062, 0
A,  804, SER,  0.3285,  -0.1964,   0.0165, 0
A,  805, PHE,  0.1981,  -0.2690,   0.0068, 0
A,    1, MET,  0.2659,  -0.2312,   0.0112, 0
A,    2, SER,  0.3689,  -0.1739,   0.0203, 0
A,    3, SER,  0.4023,  -0.1552,   0.0238, 0
A,    4, SER,  0.3691,  -0.1737,   0.0203, 0
A,    5, SER,  0.2830,  -0.2217,   0.0126, 0
A,    6, TRP,  0.4522,  -0.1274,   0.0297, 0
A,    7, LEU,  0.3156,  -0.2036,   0.0153, 0
A,    8, LEU,  0.1189,  -0.3132,   0.0030, 0
A,    9, LEU,  0.1589,  -0.2909,   0.0047, 0
A,   10, SER,  0.4507,  -0.1282,   0.0295, 0
A,   11, LEU,  0.1005,  -0.3234,   0.0024, 0
A,   12, VAL,  0.0817,  -0.3339,   0.0018, 0
A,   13, ALA,  0.0648,  -0.3433,   0.0014, 0
A,   14, VAL,  0.0795,  -0.3351,   0.0017, 0
A,   15, THR,  0.0940,  -0.3271,   0.0021, 0
A,   16, ALA,  0.0546,  -0.3490,   0.0011, 0
A,   17, ALA,  0.0386,  -0.3580,   0.0008, 0
A,   18, GLN,  0.0715,  -0.3396,   0.0015, 0
A,   19, SER,  0.2720,  -0.2278,   0.0117, 0
A,   20, THR,  0.2241,  -0.2546,   0.0083, 0
A,   21, ILE,  0.2317,  -0.2503,   0.0088, 0
A,   22, GLU,  0.1762,  -0.2813,   0.0056, 0
A,   23, GLU,  0.1490,  -0.2964,   0.0043, 0
A,   24, GLN,  0.6937,   0.0072,   0.0684, 0
A,   25, ALA,  0.0662,  -0.3425,   0.0014, 0
A,   26, LYS,  0.4395,  -0.1345,   0.0282, 11
A,   27, THR,  0.3666,  -0.1751,   0.0201, 0
A,   28, PHE,  0.3400,  -0.1900,   0.0176, 0
A,   29, LEU,  0.0918,  -0.3283,   0.0021, 11
A,   30, ASP,  0.2113,  -0.2617,   0.0075, 11
A,   31, LYS,  0.6963,   0.0087,   0.0689, 0
A,   32, PHE,  0.2274,  -0.2527,   0.0085, 0
A,   33, ASN,  0.6393,  -0.0231,   0.0581, 11
A,   34, HIS,  0.3575,  -0.1802,   0.0192, 0
A,   35, GLU,  0.0829,  -0.3333,   0.0018, 0
A,   36, ALA,  0.0056,  -0.3764,   0.0003, 0
A,   37, GLU,  0.3421,  -0.1888,   0.0178, 1
A,   38, ASP,  0.0985,  -0.3245,   0.0023, 0
A,   39, LEU,  0.0906,  -0.3290,   0.0020, 0
A,   40, PHE,  0.0000,  -0.3795,   0.0002, 1
A,   41, TYR,  0.6660,  -0.0082,   0.0630, 0
A,   42, GLN,  0.8377,   0.0875,   0.1000, 0
A,   43, SER,  2.3549,   0.9332,   0.4923, 0
A,   44, SER,  2.5354,   1.0338,   0.5289, 0
A,   45, LEU,  0.3151,  -0.2038,   0.0153, 0
A,   46, ALA,  0.8096,   0.0718,   0.0934, 0
A,   47, SER,  2.6332,   1.0883,   0.5475, 0
A,   48, TRP,  0.4580,  -0.1242,   0.0304, 0
A,   49, ASN,  1.7573,   0.6000,   0.3528, 0
A,   50, TYR,  1.9400,   0.7019,   0.3987, 0
A,   51, ASN,  2.1084,   0.7958,   0.4383, 0
A,   52, THR,  1.0499,   0.2058,   0.1543, 0
A,   53, ASN,  0.6601,  -0.0115,   0.0619, 0
A,   54, ILE,  0.0270,  -0.3644,   0.0006, 0
A,   55, THR,  0.2550,  -0.2373,   0.0105, 0
A,   56, GLU,  0.1095,  -0.3184,   0.0027, 0
A,   57, GLU,  0.0646,  -0.3435,   0.0013, 0
A,   58, ASN,  1.1043,   0.2361,   0.1694, 0
A,   59, VAL,  0.0783,  -0.3358,   0.0017, 0
A,   60, GLN,  0.2522,  -0.2389,   0.0103, 0
A,   61, ASN,  1.2870,   0.3379,   0.2212, 0
A,   62, MET,  0.8045,   0.0690,   0.0922, 0
A,   63, ASN,  1.5419,   0.4800,   0.2944, 0
A,   64, ASN,  0.4076,  -0.1523,   0.0244, 0
A,   65, ALA,  0.7865,   0.0589,   0.0881, 0
A,   66, GLY,  1.2392,   0.3113,   0.2074, 0
A,   67, ASP,  1.0198,   0.1890,   0.1463, 0
A,   68, LYS,  0.8844,   0.1135,   0.1113, 0
A,   69, TRP,  0.3238,  -0.1990,   0.0160, 1
A,   70, SER,  1.5791,   0.5007,   0.3045, 0
A,   71, ALA,  0.3028,  -0.2107,   0.0142, 0
A,   72, PHE,  0.1025,  -0.3223,   0.0024, 0
A,   73, LEU,  0.2555,  -0.2370,   0.0105, 0
A,   74, LYS,  2.1667,   0.8282,   0.4516, 0
A,   75, GLU,  0.2051,  -0.2652,   0.0072, 0
A,   76, GLN,  0.6464,  -0.0191,   0.0594, 0
A,   77, SER,  1.0982,   0.2327,   0.1677, 0
A,   78, THR,  0.6863,   0.0031,   0.0670, 0
A,   79, LEU,  0.0573,  -0.3475,   0.0012, 0
A,   80, ALA,  0.0293,  -0.3631,   0.0006, 0
A,   81, GLN,  2.2420,   0.8702,   0.4685, 0
A,   82, MET,  0.2506,  -0.2398,   0.0101, 0
A,   83, TYR,  1.1503,   0.2617,   0.1822, 0
A,   85, LEU,  0.6744,  -0.0036,   0.0646, 0
A,   86, GLN,  0.7003,   0.0109,   0.0697, 0
A,   87, GLU,  0.1062,  -0.3203,   0.0026, 0
A,   88, ILE,  0.1826,  -0.2777,   0.0059, 0
A,   89, GLN,  0.2657,  -0.2313,   0.0112, 0
A,   90, ASN,  0.6375,  -0.0241,   0.0578, 0
A,   91, LEU,  0.3990,  -0.1570,   0.0235, 0
A,   92, THR,  0.7158,   0.0195,   0.0729, 11
A,   93, VAL,  0.2976,  -0.2136,   0.0138, 11
A,   94, LYS,  1.4848,   0.4482,   0.2783, 0
A,   95, LEU,  0.2995,  -0.2125,   0.0139, 3
A,   96, GLN,  0.4395,  -0.1345,   0.0282, 11
A,   97, LEU,  0.0000,  -0.3795,   0.0002, 0
A,   98, GLN,  4.3793,   2.0616,   0.7772, 3
A,   99, ALA,  1.1784,   0.2774,   0.1902, 3
A,  100, LEU,  0.5630,  -0.0656,   0.0453, 0
A,  101, GLN,  0.9000,   0.1222,   0.1151, 0
A,  102, GLN,  4.5962,   2.1825,   0.7949, 3
A,  103, ASN,  2.4054,   0.9613,   0.5029, 0
A,  104, GLY,  1.4451,   0.4260,   0.2669, 4
A,  105, SER,  2.6051,   1.0727,   0.5422, 4
A,  106, SER,  2.1736,   0.8321,   0.4532, 0
A,  107, VAL,  0.6344,  -0.0259,   0.0572, 0
A,  108, LEU,  0.2553,  -0.2372,   0.0105, 0
A,  109, SER,  0.2546,  -0.2375,   0.0104, 0
A,  110, GLU,  0.2429,  -0.2441,   0.0096, 0
A,  111, ASP,  0.0989,  -0.3243,   0.0023, 0
A,  112, LYS,  0.4236,  -0.1433,   0.0263, 0
A,  113, SER,  1.7653,   0.6045,   0.3548, 0
A,  114, LYS,  0.7264,   0.0254,   0.0752, 0
A,  115, ARG,  0.5970,  -0.0467,   0.0508, 0
A,  116, LEU,  0.0964,  -0.3257,   0.0022, 0
A,  117, ASN,  2.4147,   0.9665,   0.5048, 4
A,  118, THR,  0.5990,  -0.0456,   0.0511, 0
A,  119, ILE,  0.0997,  -0.3239,   0.0023, 0
A,  120, LEU,  0.1187,  -0.3133,   0.0030, 4
A,  121, ASN,  1.9470,   0.7058,   0.4004, 0
A,  122, THR,  0.2975,  -0.2136,   0.0138, 0
A,  123, MET,  0.0709,  -0.3400,   0.0015, 0
A,  124, SER,  1.4572,   0.4328,   0.2705, 0
A,  125, THR,  0.6177,  -0.0352,   0.0543, 0
A,  126, ILE,  0.2135,  -0.2604,   0.0077, 0
A,  127, TYR,  1.3015,   0.3460,   0.2254, 1
A,  128, SER,  1.2878,   0.3384,   0.2214, 0
A,  129, THR,  0.5115,  -0.0944,   0.0375, 0
A,  130, GLY,  0.3055,  -0.2092,   0.0144, 0
A,  131, LYS,  0.9399,   0.1444,   0.1253, 0
A,  132, VAL,  0.2095,  -0.2627,   0.0074, 2
A,  133, CYS,  0.7223,   0.0231,   0.0743, 2
A,  134, ASN,  1.8131,   0.6312,   0.3670, 0
A,  136, ASP,  0.9509,   0.1506,   0.1281, 0
A,  137, ASN,  0.2335,  -0.2493,   0.0090, 0
A,  139, GLN,  0.1133,  -0.3163,   0.0028, 0
A,  140, GLU,  0.0824,  -0.3335,   0.0018, 0
A,  141, CYS,  0.2996,  -0.2124,   0.0139, 0
A,  142, LEU,  0.3172,  -0.2027,   0.0154, 0
A,  143, LEU,  0.2523,  -0.2388,   0.0103, 0
A,  144, LEU,  0.1242,  -0.3102,   0.0032, 1
A,  145, GLU,  0.2467,  -0.2420,   0.0099, 1
A,  147, GLY,  0.2132,  -0.2606,   0.0076, 0
A,  148, LEU,  0.1495,  -0.2961,   0.0043, 0
A,  149, ASN,  1.7247,   0.5819,   0.3441, 1
A,  150, GLU,  0.1589,  -0.2909,   0.0047, 0
A,  151, ILE,  0.5370,  -0.0801,   0.0414, 0
A,  152, MET,  0.1150,  -0.3153,   0.0029, 0
A,  153, ALA,  0.1966,  -0.2699,   0.0067, 1
A,  154, ASN,  0.5093,  -0.0956,   0.0372, 0
A,  155, SER,  0.3589,  -0.1794,   0.0193, 15
A,  156, LEU,  0.2359,  -0.2480,   0.0091, 15
A,  157, ASP,  0.2277,  -0.2525,   0.0086, 0
A,  158, TYR,  0.9927,   0.1739,   0.1390, 5
A,  159, ASN,  0.7301,   0.0275,   0.0760, 5
A,  160, GLU,  0.4557,  -0.1255,   0.0301, 0
A,  161, ARG,  0.2198,  -0.2569,   0.0081, 15
A,  162, LEU,  0.0000,  -0.3795,   0.0002, 5
A,  163, TRP,  0.6294,  -0.0286,   0.0564, 2
A,  164, ALA,  0.3055,  -0.2092,   0.0144, 0
A,  165, TRP,  0.0000,  -0.3795,   0.0002, 0
A,  166, GLU,  0.1528,  -0.2943,   0.0045, 2
A,  167, SER,  1.1308,   0.2508,   0.1768, 2
A,  168, TRP,  0.0311,  -0.3621,   0.0007, 0
A,  169, ARG,  0.9908,   0.1728,   0.1385, 6
A,  170, SER,  1.4457,   0.4264,   0.2671, 2
A,  171, GLU,  0.3086,  -0.2075,   0.0147, 2
A,  172, VAL,  0.1271,  -0.3086,   0.0033, 0
A,  173, GLY,  0.0000,  -0.3795,   0.0002, 0
A,  174, LYS,  1.7826,   0.6142,   0.3592, 2
A,  175, GLN,  0.6082,  -0.0404,   0.0527, 0
A,  176, LEU,  0.0441,  -0.3549,   0.0009, 0
A,  177, ARG,  0.3957,  -0.1589,   0.0231, 0
A,  179, LEU,  0.0824,  -0.3335,   0.0018, 0
A,  180, TYR,  0.2674,  -0.2304,   0.0114, 0
A,  181, GLU,  0.0916,  -0.3284,   0.0021, 0
A,  182, GLU,  0.1204,  -0.3124,   0.0031, 0
A,  183, TYR,  0.3478,  -0.1856,   0.0183, 0
A,  184, VAL,  0.0031,  -0.3777,   0.0003, 12
A,  185, VAL,  0.2150,  -0.2596,   0.0078, 12
A,  186, LEU,  0.2159,  -0.2591,   0.0078, 0
A,  187, LYS,  1.5499,   0.4844,   0.2966, 4
A,  188, ASN,  0.6531,  -0.0154,   0.0606, 12
A,  189, GLU,  0.1300,  -0.3070,   0.0035, 0
A,  190, MET,  0.0909,  -0.3288,   0.0021, 4
A,  191, ALA,  0.0000,  -0.3795,   0.0002, 0
A,  192, ARG,  0.7933,   0.0627,   0.0897, 0
A,  193, ALA,  0.1853,  -0.2762,   0.0060, 0
A,  194, ASN,  0.5067,  -0.0970,   0.0369, 0
A,  195, HIS,  0.7583,   0.0432,   0.0819, 0
A,  196, TYR,  2.3646,   0.9386,   0.4944, 3
A,  197, GLU,  0.4095,  -0.1512,   0.0246, 16
A,  198, ASP,  0.4770,  -0.1136,   0.0328, 0
A,  199, TYR,  1.7720,   0.6083,   0.3565, 4
A,  200, GLY,  0.2619,  -0.2335,   0.0109, 0
A,  201, ASP,  0.9056,   0.1253,   0.1165, 16
A,  202, TYR,  1.9305,   0.6966,   0.3964, 4
A,  203, TRP,  0.3178,  -0.2023,   0.0155, 4
A,  204, ARG,  2.8056,   1.1844,   0.5787, 0
A,  205, GLY,  0.5658,  -0.0641,   0.0457, 3
A,  206, ASP,  0.7687,   0.0490,   0.0842, 3
A,  207, TYR,  0.2878,  -0.2191,   0.0130, 0
A,  208, GLU,  0.8578,   0.0987,   0.1048, 3
A,  209, VAL,  0.1884,  -0.2745,   0.0062, 3
A,  210, ASN,  2.7006,   1.1258,   0.5597, 3
A,  211, GLY,  0.7325,   0.0288,   0.0765, 0
A,  212, VAL,  0.4096,  -0.1512,   0.0246, 0
A,  213, ASP,  0.2172,  -0.2584,   0.0079, 0
A,  214, GLY,  0.1478,  -0.2971,   0.0042, 0
A,  215, TYR,  0.4619,  -0.1220,   0.0309, 0
A,  216, ASP,  0.4146,  -0.1484,   0.0252, 0
A,  217, TYR,  0.5011,  -0.1002,   0.0361, 0
A,  218, SER,  0.7461,   0.0364,   0.0793, 16
A,  219, ARG,  2.4252,   0.9724,   0.5069, 16
A,  220, GLY,  0.8578,   0.0987,   0.1048, 16
A,  221, GLN,  0.9515,   0.1509,   0.1282, 0
A,  222, LEU,  0.0000,  -0.3795,   0.0002, 0
A,  223, ILE,  0.2540,  -0.2379,   0.0104, 0
A,  224, GLU,  0.1332,  -0.3052,   0.0036, 0
A,  225, ASP,  0.1941,  -0.2713,   0.0065, 0
A,  226, VAL,  0.0505,  -0.3513,   0.0010, 0
A,  227, GLU,  0.1266,  -0.3089,   0.0033, 0
A,  228, HIS,  0.1154,  -0.3151,   0.0029, 0
A,  229, THR,  0.3265,  -0.1975,   0.0163, 0
A,  230, PHE,  0.0150,  -0.3711,   0.0004, 0
A,  231, GLU,  0.0610,  -0.3454,   0.0013, 0
A,  232, GLU,  0.0129,  -0.3723,   0.0004, 0
A,  233, ILE,  0.0137,  -0.3718,   0.0004, 0
A,  234, LYS,  1.1215,   0.2457,   0.1742, 0
A,  236, LEU,  0.2725,  -0.2276,   0.0117, 0
A,  237, TYR,  0.0171,  -0.3699,   0.0004, 0
A,  238, GLU,  0.0807,  -0.3345,   0.0018, 0
A,  239, HIS,  0.0306,  -0.3624,   0.0007, 0
A,  240, LEU,  0.0000,  -0.3795,   0.0002, 0
A,  241, HIS,  0.0000,  -0.3795,   0.0002, 0
A,  242, ALA,  0.0000,  -0.3795,   0.0002, 0
A,  243, TYR,  0.7101,   0.0163,   0.0717, 9
A,  244, VAL,  0.0000,  -0.3795,   0.0002, 0
A,  245, ARG,  0.5351,  -0.0812,   0.0411, 0
A,  246, ALA,  0.7781,   0.0542,   0.0863, 9
A,  247, LYS,  1.5160,   0.4656,   0.2872, 9
A,  248, LEU,  0.0033,  -0.3776,   0.0003, 0
A,  249, MET,  0.1344,  -0.3045,   0.0036, 0
A,  250, ASN,  0.7332,   0.0292,   0.0766, 9
A,  251, ALA,  0.1736,  -0.2827,   0.0054, 0
A,  252, TYR,  0.5568,  -0.0691,   0.0443, 15
A,  254, SER,  0.3012,  -0.2116,   0.0141, 5
A,  255, TYR,  0.9185,   0.1325,   0.1199, 5
A,  256, ILE,  0.2847,  -0.2208,   0.0127, 0
A,  257, SER,  0.5489,  -0.0735,   0.0431, 0
A,  259, ILE,  0.3442,  -0.1876,   0.0179, 0
A,  260, GLY,  0.1781,  -0.2802,   0.0057, 0
A,  261, CYS,  0.0318,  -0.3617,   0.0007, 0
A,  262, LEU,  0.0000,  -0.3795,   0.0002, 0
A,  264, ALA,  0.0698,  -0.3406,   0.0015, 6
A,  265, HIS,  0.0000,  -0.3795,   0.0002, 0
A,  266, LEU,  0.0000,  -0.3795,   0.0002, 0
A,  267, LEU,  0.1343,  -0.3046,   0.0036, 0
A,  268, GLY,  0.1837,  -0.2771,   0.0059, 1
A,  269, ASP,  0.1104,  -0.3179,   0.0027, 1
A,  270, MET,  0.6863,   0.0031,   0.0670, 0
A,  271, TRP,  0.4948,  -0.1036,   0.0352, 1
A,  272, GLY,  0.4126,  -0.1495,   0.0250, 0
A,  273, ARG,  7.5559,   3.8322,   0.9325, 1
A,  274, PHE,  0.2275,  -0.2527,   0.0086, 1
A,  275, TRP,  0.0048,  -0.3768,   0.0003, 0
A,  276, THR,  1.0701,   0.2170,   0.1600, 1
A,  277, ASN,  1.1418,   0.2570,   0.1798, 1
A,  278, LEU,  0.2213,  -0.2561,   0.0082, 15
A,  279, TYR,  0.8717,   0.1064,   0.1082, 7
A,  280, SER,  0.9077,   0.1265,   0.1171, 0
A,  281, LEU,  0.5033,  -0.0989,   0.0364, 15
A,  282, THR,  0.2470,  -0.2418,   0.0099, 0
A,  283, VAL,  0.4125,  -0.1495,   0.0250, 0
A,  285, PHE,  0.2540,  -0.2379,   0.0104, 0
A,  286, GLY,  0.3699,  -0.1733,   0.0204, 0
A,  287, GLN,  0.3518,  -0.1834,   0.0186, 0
A,  288, LYS,  0.4057,  -0.1533,   0.0242, 0
A,  290, ASN,  1.5909,   0.5073,   0.3078, 1
A,  291, ILE,  0.4752,  -0.1146,   0.0326, 1
A,  292, ASP,  0.5537,  -0.0708,   0.0438, 7
A,  293, VAL,  0.2813,  -0.2227,   0.0124, 0
A,  294, THR,  0.6674,  -0.0075,   0.0633, 7
A,  295, ASP,  0.3405,  -0.1897,   0.0176, 0
A,  296, ALA,  0.4001,  -0.1565,   0.0236, 0
A,  297, MET,  0.0553,  -0.3487,   0.0011, 0
A,  298, VAL,  0.1352,  -0.3041,   0.0037, 0
A,  299, ASP,  0.1063,  -0.3202,   0.0026, 0
A,  300, GLN,  0.4124,  -0.1496,   0.0249, 0
A,  301, ALA,  0.0594,  -0.3464,   0.0012, 0
A,  302, TRP,  0.1497,  -0.2960,   0.0043, 0
A,  303, ASP,  0.1692,  -0.2851,   0.0052, 0
A,  304, ALA,  0.3322,  -0.1943,   0.0168, 0
A,  305, GLN,  1.0384,   0.1993,   0.1512, 0
A,  306, ARG,  0.6877,   0.0039,   0.0672, 0
A,  307, ILE,  0.0652,  -0.3431,   0.0014, 0
A,  308, PHE,  0.0000,  -0.3795,   0.0002, 0
A,  309, LYS,  0.7706,   0.0501,   0.0846, 0
A,  310, GLU,  0.1703,  -0.2845,   0.0053, 0
A,  311, ALA,  0.0433,  -0.3553,   0.0009, 0
A,  312, GLU,  0.0518,  -0.3506,   0.0011, 0
A,  313, LYS,  0.7350,   0.0302,   0.0770, 8
A,  314, PHE,  0.2009,  -0.2675,   0.0069, 8
A,  315, PHE,  0.0073,  -0.3754,   0.0003, 0
A,  316, VAL,  0.0369,  -0.3589,   0.0008, 0
A,  317, SER,  0.4214,  -0.1446,   0.0260, 8
A,  318, VAL,  0.0455,  -0.3541,   0.0009, 0
A,  319, GLY,  0.1269,  -0.3087,   0.0033, 0
A,  320, LEU,  0.3571,  -0.1804,   0.0191, 0
A,  322, ASN,  0.3717,  -0.1723,   0.0206, 0
A,  323, MET,  0.1597,  -0.2904,   0.0048, 0
A,  324, THR,  0.3050,  -0.2095,   0.0144, 0
A,  325, GLN,  0.3563,  -0.1809,   0.0191, 0
A,  326, GLY,  0.5463,  -0.0750,   0.0427, 0
A,  327, PHE,  0.4369,  -0.1359,   0.0279, 0
A,  328, TRP,  0.1021,  -0.3225,   0.0024, 0
A,  329, GLU,  0.1929,  -0.2719,   0.0065, 0
A,  330, ASN,  0.9880,   0.1713,   0.1377, 0
A,  331, SER,  0.5585,  -0.0681,   0.0446, 0
A,  332, MET,  0.6695,  -0.0063,   0.0637, 0
A,  333, LEU,  1.0042,   0.1803,   0.1420, 0
A,  334, THR,  0.7925,   0.0623,   0.0895, 0
A,  335, ASP,  0.3018,  -0.2112,   0.0141, 14
A,  337, GLY,  0.1793,  -0.2795,   0.0057, 14
A,  338, ASN,  0.0794,  -0.3352,   0.0017, 14
A,  339, VAL,  0.0440,  -0.3550,   0.0009, 0
A,  340, GLN,  1.1170,   0.2432,   0.1730, 14
A,  341, LYS,  0.1474,  -0.2973,   0.0042, 14
A,  342, ALA,  0.2075,  -0.2638,   0.0073, 14
A,  343, VAL,  0.4674,  -0.1189,   0.0316, 1
A,  344, CYS,  0.7084,   0.0154,   0.0714, 14
A,  345, HIS,  1.0375,   0.1988,   0.1510, 1
A,  347, THR,  1.2055,   0.2925,   0.1978, 1
A,  348, ALA,  5.4513,   2.6591,   0.8527, 1
A,  349, TRP,  1.8374,   0.6447,   0.3733, 0
A,  350, ASP,  3.6033,   1.6290,   0.6964, 1
A,  351, LEU,  0.2898,  -0.2179,   0.0131, 0
A,  352, GLY,  1.0926,   0.2295,   0.1661, 1
A,  353, LYS,  1.0126,   0.1850,   0.1443, 1
A,  354, GLY,  0.8400,   0.0887,   0.1005, 1
A,  355, ASP,  0.4580,  -0.1242,   0.0304, 0
A,  356, PHE,  0.3513,  -0.1836,   0.0186, 0
A,  357, ARG,  1.4492,   0.4283,   0.2682, 0
A,  358, ILE,  0.0000,  -0.3795,   0.0002, 0
A,  359, LEU,  0.0000,  -0.3795,   0.0002, 0
A,  360, MET,  0.0000,  -0.3795,   0.0002, 0
A,  361, CYS,  0.8443,   0.0911,   0.1015, 0
A,  362, THR,  0.2902,  -0.2177,   0.0132, 0
A,  363, LYS,  1.6194,   0.5232,   0.3155, 0
A,  364, VAL,  0.2042,  -0.2656,   0.0071, 0
A,  365, THR,  0.4339,  -0.1376,   0.0275, 7
A,  366, MET,  0.4369,  -0.1359,   0.0279, 1
A,  367, ASP,  1.0760,   0.2203,   0.1616, 1
A,  368, ASP,  0.4536,  -0.1266,   0.0299, 0
A,  369, PHE,  0.0000,  -0.3795,   0.0002, 0
A,  370, LEU,  0.1964,  -0.2700,   0.0067, 1
A,  371, THR,  2.7823,   1.1714,   0.5746, 1
A,  372, ALA,  0.0162,  -0.3704,   0.0004, 0
A,  373, HIS,  0.0000,  -0.3795,   0.0002, 0
A,  374, HIS,  1.0504,   0.2060,   0.1545, 1
A,  375, GLU,  1.1228,   0.2464,   0.1746, 1
A,  376, MET,  0.0000,  -0.3795,   0.0002, 0
A,  377, GLY,  0.0000,  -0.3795,   0.0002, 0
A,  378, HIS,  5.4003,   2.6307,   0.8498, 1
A,  379, ILE,  0.6293,  -0.0287,   0.0563, 0
A,  380, GLN,  0.0600,  -0.3460,   0.0012, 0
A,  381, TYR,  0.0600,  -0.3460,   0.0012, 0
A,  382, ASP,  0.9338,   0.1410,   0.1237, 1
A,  383, MET,  0.0234,  -0.3664,   0.0005, 0
A,  384, ALA,  0.1432,  -0.2996,   0.0040, 0
A,  385, TYR,  3.8903,   1.7890,   0.7302, 1
A,  386, ALA,  0.3816,  -0.1668,   0.0216, 1
A,  387, ALA,  0.4349,  -0.1370,   0.0276, 0
A,  388, GLN,  0.8551,   0.0972,   0.1041, 0
A,  390, PHE,  0.6963,   0.0087,   0.0689, 1
A,  391, LEU,  0.2643,  -0.2322,   0.0111, 3
A,  392, LEU,  0.3624,  -0.1775,   0.0196, 3
A,  393, ARG,  2.5359,   1.0341,   0.5290, 1
A,  394, ASN,  2.6300,   1.0865,   0.5469, 1
A,  395, GLY,  1.2535,   0.3192,   0.2115, 0
A,  396, ALA,  0.0405,  -0.3569,   0.0008, 3
A,  397, ASN,  0.1443,  -0.2990,   0.0041, 0
A,  398, GLU,  0.3588,  -0.1795,   0.0193, 1
A,  399, GLY,  0.1077,  -0.3194,   0.0026, 0
A,  400, PHE,  0.0525,  -0.3502,   0.0011, 0
A,  401, HIS,  0.8519,   0.0954,   0.1033, 1
A,  402, GLU,  2.2380,   0.8680,   0.4677, 1
A,  403, ALA,  0.0000,  -0.3795,   0.0002, 0
A,  404, VAL,  0.0000,  -0.3795,   0.0002, 0
A,  405, GLY,  0.0000,  -0.3795,   0.0002, 0
A,  406, GLU,  0.0000,  -0.3795,   0.0002, 1
A,  407, ILE,  0.0000,  -0.3795,   0.0002, 0
A,  408, MET,  0.0000,  -0.3795,   0.0002, 0
A,  409, SER,  1.8285,   0.6397,   0.3710, 1
A,  410, LEU,  1.2059,   0.2927,   0.1980, 1
A,  411, SER,  0.0791,  -0.3354,   0.0017, 0
A,  412, ALA,  0.0000,  -0.3795,   0.0002, 0
A,  413, ALA,  0.1945,  -0.2711,   0.0065, 0
A,  414, THR,  0.1796,  -0.2793,   0.0057, 0
A,  416, LYS,  1.9829,   0.7258,   0.4093, 0
A,  417, HIS,  0.9012,   0.1229,   0.1154, 8
A,  418, LEU,  0.0000,  -0.3795,   0.0002, 0
A,  419, LYS,  0.3263,  -0.1976,   0.0163, 0
A,  420, SER,  0.7347,   0.0300,   0.0769, 8
A,  421, ILE,  0.3400,  -0.1899,   0.0176, 8
A,  422, GLY,  0.1155,  -0.3151,   0.0029, 0
A,  423, LEU,  0.0731,  -0.3387,   0.0016, 0
A,  424, LEU,  0.2765,  -0.2254,   0.0121, 0
A,  425, SER,  0.7819,   0.0564,   0.0871, 0
A,  427, ASP,  0.1435,  -0.2995,   0.0040, 0
A,  428, PHE,  0.2051,  -0.2652,   0.0072, 0
A,  429, GLN,  0.2786,  -0.2242,   0.0122, 0
A,  430, GLU,  0.4260,  -0.1420,   0.0265, 0
A,  431, ASP,  0.1989,  -0.2686,   0.0068, 0
A,  432, ASN,  0.6521,  -0.0160,   0.0604, 0
A,  433, GLU,  0.1597,  -0.2904,   0.0048, 0
A,  434, THR,  0.1680,  -0.2858,   0.0052, 0
A,  435, GLU,  0.4177,  -0.1467,   0.0255, 0
A,  436, ILE,  0.5483,  -0.0738,   0.0430, 0
A,  437, ASN,  0.2144,  -0.2600,   0.0077, 0
A,  438, PHE,  0.3704,  -0.1730,   0.0204, 1
A,  439, LEU,  0.4377,  -0.1355,   0.0280, 0
A,  440, LEU,  0.0000,  -0.3795,   0.0002, 0
A,  441, LYS,  3.4896,   1.5656,   0.6814, 1
A,  442, GLN,  5.7094,   2.8030,   0.8663, 1
A,  443, ALA,  0.0000,  -0.3795,   0.0002, 0
A,  444, LEU,  0.0000,  -0.3795,   0.0002, 0
A,  445, THR,  2.6403,   1.0922,   0.5488, 1
A,  446, ILE,  1.9057,   0.6828,   0.3904, 1
A,  447, VAL,  0.0194,  -0.3687,   0.0005, 0
A,  448, GLY,  0.0000,  -0.3795,   0.0002, 0
A,  449, THR,  1.6265,   0.5272,   0.3175, 1
A,  450, LEU,  0.0000,  -0.3795,   0.0002, 0
A,  452, PHE,  0.0000,  -0.3795,   0.0002, 0
A,  453, THR,  0.8986,   0.1214,   0.1148, 0
A,  454, TYR,  0.9204,   0.1336,   0.1204, 0
A,  455, MET,  0.0000,  -0.3795,   0.0002, 0
A,  456, LEU,  0.0000,  -0.3795,   0.0002, 0
A,  457, GLU,  0.0000,  -0.3795,   0.0002, 0
A,  458, LYS,  2.0345,   0.7546,   0.4216, 0
A,  459, TRP,  0.0000,  -0.3795,   0.0002, 0
A,  460, ARG,  0.2878,  -0.2190,   0.0130, 0
A,  461, TRP,  0.9399,   0.1445,   0.1253, 0
A,  462, MET,  1.2377,   0.3104,   0.2070, 0
A,  463, VAL,  0.0409,  -0.3567,   0.0008, 12
A,  464, PHE,  0.3196,  -0.2013,   0.0157, 12
A,  465, LYS,  2.9640,   1.2727,   0.6055, 0
A,  466, GLY,  0.3252,  -0.1982,   0.0162, 12
A,  467, GLU,  0.1732,  -0.2829,   0.0054, 0
A,  468, ILE,  0.0468,  -0.3534,   0.0010, 12
A,  470, LYS,  0.4548,  -0.1259,   0.0300, 12
A,  471, ASP,  0.0635,  -0.3440,   0.0013, 2
A,  472, GLN,  0.8482,   0.0933,   0.1024, 0
A,  473, TRP,  0.0139,  -0.3717,   0.0004, 12
A,  474, MET,  0.0134,  -0.3720,   0.0004, 2
A,  475, LYS,  1.4934,   0.4529,   0.2808, 2
A,  476, LYS,  1.3722,   0.3854,   0.2456, 0
A,  477, TRP,  0.0149,  -0.3711,   0.0004, 6
A,  478, TRP,  0.2779,  -0.2245,   0.0122, 2
A,  479, GLU,  1.0058,   0.1812,   0.1425, 2
A,  480, MET,  0.5645,  -0.0648,   0.0455, 0
A,  481, LYS,  0.9908,   0.1728,   0.1385, 6
A,  482, ARG,  2.5923,   1.0655,   0.5397, 2
A,  483, GLU,  0.0927,  -0.3278,   0.0021, 0
A,  484, ILE,  0.3592,  -0.1792,   0.0193, 0
A,  485, VAL,  0.0000,  -0.3795,   0.0002, 0
A,  486, GLY,  0.0000,  -0.3795,   0.0002, 0
A,  487, VAL,  0.0000,  -0.3795,   0.0002, 0
A,  488, VAL,  0.0000,  -0.3795,   0.0002, 0
A,  489, GLU,  0.0033,  -0.3776,   0.0003, 2
A,  491, VAL,  0.0598,  -0.3461,   0.0012, 0
A,  493, HIS,  1.4423,   0.4245,   0.2661, 2
A,  494, ASP,  0.9240,   0.1356,   0.1213, 2
A,  495, GLU,  0.5377,  -0.0798,   0.0415, 2
A,  496, THR,  0.9525,   0.1515,   0.1285, 2
A,  497, TYR,  1.6112,   0.5186,   0.3133, 2
A,  498, CYS,  0.0000,  -0.3795,   0.0002, 0
A,  499, ASP,  0.1721,  -0.2835,   0.0054, 6
A,  501, ALA,  0.0016,  -0.3786,   0.0003, 0
A,  502, SER,  0.6769,  -0.0022,   0.0651, 0
A,  503, LEU,  0.0751,  -0.3376,   0.0016, 1
A,  504, PHE,  1.2239,   0.3028,   0.2031, 1
A,  505, HIS,  1.3446,   0.3700,   0.2377, 1
A,  506, VAL,  0.0000,  -0.3795,   0.0002, 0
A,  507, SER,  0.0383,  -0.3581,   0.0008, 0
A,  508, ASN,  1.6655,   0.5489,   0.3281, 0
A,  509, ASP,  0.3603,  -0.1787,   0.0194, 4
A,  510, TYR,  1.8526,   0.6532,   0.3772, 1
A,  511, SER,  0.5740,  -0.0595,   0.0471, 4
A,  512, PHE,  0.1366,  -0.3033,   0.0037, 0
A,  513, ILE,  0.1366,  -0.3033,   0.0037, 0
A,  514, ARG,  2.7425,   1.1492,   0.5674, 1
A,  515, TYR,  6.0372,   2.9857,   0.8820, 1
A,  516, TYR,  0.0000,  -0.3795,   0.0002, 0
A,  517, THR,  0.0000,  -0.3795,   0.0002, 0
A,  518, ARG,  9.8566,   5.1146,   0.9709, 1
A,  519, THR,  3.5762,   1.6139,   0.6929, 1
A,  520, LEU,  0.0000,  -0.3795,   0.0002, 0
A,  521, TYR,  0.0000,  -0.3795,   0.0002, 0
A,  522, GLN,  3.6457,   1.6527,   0.7017, 1
A,  523, PHE,  0.0000,  -0.3795,   0.0002, 0
A,  524, GLN,  1.3067,   0.3489,   0.2269, 0
A,  525, PHE,  0.0347,  -0.3601,   0.0007, 0
A,  526, GLN,  0.0632,  -0.3442,   0.0013, 0
A,  527, GLU,  0.0811,  -0.3342,   0.0018, 13
A,  528, ALA,  0.6139,  -0.0373,   0.0536, 0
A,  529, LEU,  0.0338,  -0.3606,   0.0007, 0
A,  530, CYS,  0.0196,  -0.3685,   0.0005, 13
A,  531, GLN,  0.9447,   0.1471,   0.1265, 13
A,  532, ALA,  0.1289,  -0.3076,   0.0034, 0
A,  533, ALA,  0.1465,  -0.2978,   0.0042, 0
A,  534, LYS,  0.2977,  -0.2135,   0.0138, 0
A,  535, HIS,  0.4698,  -0.1176,   0.0319, 13
A,  536, GLU,  0.5116,  -0.0943,   0.0376, 0
A,  537, GLY,  0.0951,  -0.3264,   0.0022, 13
A,  539, LEU,  0.2670,  -0.2306,   0.0113, 13
A,  540, HIS,  0.2320,  -0.2502,   0.0089, 0
A,  541, LYS,  1.3353,   0.3649,   0.2350, 0
A,  542, CYS,  0.2341,  -0.2490,   0.0090, 0
A,  543, ASP,  0.7667,   0.0479,   0.0837, 8
A,  544, ILE,  0.3063,  -0.2087,   0.0145, 0
A,  545, SER,  0.9152,   0.1307,   0.1190, 8
A,  546, ASN,  1.2174,   0.2991,   0.2013, 8
A,  547, SER,  0.6168,  -0.0356,   0.0541, 0
A,  548, THR,  0.3935,  -0.1601,   0.0229, 0
A,  549, GLU,  0.3188,  -0.2018,   0.0156, 0
A,  550, ALA,  0.1090,  -0.3187,   0.0026, 0
A,  551, GLY,  0.0663,  -0.3425,   0.0014, 0
A,  552, GLN,  1.1217,   0.2458,   0.1743, 0
A,  553, LYS,  0.8005,   0.0668,   0.0913, 0
A,  554, LEU,  0.0474,  -0.3531,   0.0010, 0
A,  555, PHE,  0.1668,  -0.2865,   0.0051, 0
A,  556, ASN,  1.2159,   0.2983,   0.2009, 0
A,  557, MET,  0.3577,  -0.1801,   0.0192, 0
A,  558, LEU,  0.0000,  -0.3795,   0.0002, 0
A,  559, ARG,  0.9501,   0.1501,   0.1279, 0
A,  560, LEU,  0.2348,  -0.2486,   0.0091, 0
A,  561, GLY,  0.0000,  -0.3795,   0.0002, 0
A,  562, LYS,  3.3302,   1.4768,   0.6601, 3
A,  563, SER,  0.6442,  -0.0204,   0.0590, 0
A,  564, GLU,  0.1242,  -0.3102,   0.0032, 3
A,  566, TRP,  0.2761,  -0.2256,   0.0120, 3
A,  567, THR,  0.3091,  -0.2072,   0.0147, 0
A,  568, LEU,  0.0217,  -0.3674,   0.0005, 0
A,  569, ALA,  0.0000,  -0.3795,   0.0002, 0
A,  570, LEU,  0.0000,  -0.3795,   0.0002, 0
A,  571, GLU,  0.0074,  -0.3753,   0.0003, 0
A,  572, ASN,  0.8984,   0.1213,   0.1147, 0
A,  573, VAL,  0.1818,  -0.2781,   0.0059, 0
A,  574, VAL,  0.2319,  -0.2502,   0.0089, 0
A,  575, GLY,  0.5053,  -0.0978,   0.0367, 0
A,  576, ALA,  0.6798,  -0.0006,   0.0657, 0
A,  577, LYS,  0.9126,   0.1292,   0.1184, 0
A,  578, ASN,  1.6753,   0.5544,   0.3308, 0
A,  579, MET,  0.3268,  -0.1973,   0.0163, 0
A,  580, ASN,  1.8535,   0.6537,   0.3774, 0
A,  581, VAL,  0.4132,  -0.1491,   0.0250, 0
A,  582, ARG,  1.4256,   0.4152,   0.2613, 0
A,  584, LEU,  0.0000,  -0.3795,   0.0002, 0
A,  585, LEU,  0.1612,  -0.2896,   0.0048, 0
A,  586, ASN,  0.9776,   0.1655,   0.1351, 13
A,  587, TYR,  0.1559,  -0.2925,   0.0046, 0
A,  588, PHE,  0.0935,  -0.3274,   0.0021, 0
A,  589, GLU,  0.2573,  -0.2361,   0.0106, 0
A,  591, LEU,  0.1802,  -0.2790,   0.0058, 0
A,  592, PHE,  0.0629,  -0.3444,   0.0013, 0
A,  593, THR,  0.1971,  -0.2696,   0.0067, 0
A,  594, TRP,  0.2375,  -0.2471,   0.0092, 0
A,  595, LEU,  0.0038,  -0.3774,   0.0003, 0
A,  596, LYS,  0.6563,  -0.0136,   0.0612, 0
A,  597, ASP,  0.1100,  -0.3181,   0.0027, 0
A,  598, GLN,  0.9902,   0.1725,   0.1383, 9
A,  599, ASN,  0.3502,  -0.1843,   0.0185, 9
A,  600, LYS,  0.3852,  -0.1648,   0.0220, 0
A,  601, ASN,  0.2465,  -0.2420,   0.0099, 0
A,  602, SER,  1.1262,   0.2483,   0.1755, 9
A,  603, PHE,  0.6887,   0.0044,   0.0674, 0
A,  604, VAL,  0.3631,  -0.1771,   0.0197, 0
A,  605, GLY,  0.1992,  -0.2684,   0.0068, 0
A,  606, TRP,  0.5746,  -0.0592,   0.0472, 0
A,  607, SER,  0.4309,  -0.1393,   0.0271, 0
A,  608, THR,  0.3863,  -0.1642,   0.0221, 2
A,  609, ASP,  0.2661,  -0.2311,   0.0113, 2
A,  610, TRP,  0.2555,  -0.2370,   0.0105, 0
A,  611, SER,  0.9445,   0.1470,   0.1264, 2
A,  613, TYR,  2.8067,   1.1850,   0.5789, 2
A,  614, ALA,  0.8123,   0.0733,   0.0940, 2
A,  615, ASP,  0.3945,  -0.1596,   0.0230, 0
A,  616, GLN,  0.6726,  -0.0046,   0.0643, 5
A,  617, SER,  0.5648,  -0.0646,   0.0456, 2
A,  618, ILE,  0.0886,  -0.3301,   0.0020, 0
A,  619, LYS,  2.2541,   0.8770,   0.4711, 10
A,  620, VAL,  0.2657,  -0.2314,   0.0112, 0
A,  621, ARG,  0.6398,  -0.0229,   0.0582, 10
A,  622, ILE,  0.2804,  -0.2231,   0.0124, 0
A,  623, SER,  0.8862,   0.1145,   0.1117, 0
A,  624, LEU,  0.7893,   0.0605,   0.0888, 0
A,  625, LYS,  0.7650,   0.0470,   0.0834, 0
A,  626, SER,  0.7118,   0.0173,   0.0721, 0
A,  627, ALA,  0.4615,  -0.1222,   0.0308, 0
A,  628, LEU,  0.0510,  -0.3510,   0.0010, 0
A,  629, GLY,  0.0889,  -0.3299,   0.0020, 0
A,  630, ASP,  0.1061,  -0.3203,   0.0025, 0
A,  631, LYS,  0.1309,  -0.3065,   0.0035, 0
A,  632, ALA,  0.1072,  -0.3197,   0.0026, 0
A,  633, TYR,  0.5309,  -0.0836,   0.0404, 0
A,  634, GLU,  0.0936,  -0.3273,   0.0021, 0
A,  635, TRP,  0.3934,  -0.1602,   0.0228, 0
A,  636, ASN,  0.4287,  -0.1405,   0.0269, 0
A,  637, ASP,  0.3222,  -0.1999,   0.0159, 2
A,  638, ASN,  0.3450,  -0.1872,   0.0180, 0
A,  639, GLU,  0.1858,  -0.2759,   0.0061, 0
A,  640, MET,  0.1438,  -0.2993,   0.0041, 2
A,  641, TYR,  0.5363,  -0.0805,   0.0413, 2
A,  642, LEU,  0.1848,  -0.2764,   0.0060, 0
A,  643, PHE,  0.0241,  -0.3661,   0.0005, 0
A,  644, ARG,  1.2482,   0.3163,   0.2100, 2
A,  645, SER,  0.4436,  -0.1322,   0.0287, 0
A,  646, SER,  0.6487,  -0.0179,   0.0598, 0
A,  647, VAL,  0.0634,  -0.3441,   0.0013, 0
A,  648, ALA,  0.1632,  -0.2885,   0.0049, 0
A,  649, TYR,  1.1827,   0.2798,   0.1914, 0
A,  650, ALA,  0.2095,  -0.2627,   0.0074, 0
A,  651, MET,  0.0000,  -0.3795,   0.0002, 0
A,  652, ARG,  0.8120,   0.0732,   0.0940, 0
A,  653, GLN,  0.6390,  -0.0233,   0.0580, 0
A,  654, TYR,  0.1208,  -0.3121,   0.0031, 0
A,  655, PHE,  0.0000,  -0.3795,   0.0002, 0
A,  656, LEU,  0.0417,  -0.3562,   0.0008, 0
A,  657, LYS,  0.6667,  -0.0078,   0.0632, 0
A,  658, VAL,  0.0140,  -0.3717,   0.0004, 0
A,  659, LYS,  0.9450,   0.1473,   0.1266, 0
A,  660, ASN,  0.0744,  -0.3380,   0.0016, 0
A,  661, GLN,  0.4493,  -0.1290,   0.0293, 0
A,  662, MET,  0.0774,  -0.3363,   0.0017, 0
A,  663, ILE,  0.0910,  -0.3287,   0.0021, 0
A,  664, LEU,  0.2057,  -0.2648,   0.0072, 0
A,  665, PHE,  0.1282,  -0.3080,   0.0034, 0
A,  666, GLY,  0.3363,  -0.1920,   0.0172, 0
A,  667, GLU,  0.3483,  -0.1853,   0.0183, 2
A,  668, GLU,  0.3247,  -0.1985,   0.0161, 2
A,  669, ASP,  0.1051,  -0.3209,   0.0025, 2
A,  670, VAL,  0.0363,  -0.3592,   0.0007, 2
A,  671, ARG,  1.9710,   0.7192,   0.4064, 2
A,  672, VAL,  0.6602,  -0.0115,   0.0619, 2
A,  673, ALA,  0.3705,  -0.1729,   0.0205, 2
A,  674, ASN,  5.0126,   2.4146,   0.8257, 2
A,  675, LEU,  1.3191,   0.3558,   0.2305, 2
A,  676, LYS,  2.0904,   0.7857,   0.4344, 10
A,  678, ARG,  1.0566,   0.2095,   0.1562, 10
A,  679, ILE,  0.2464,  -0.2421,   0.0099, 0
A,  680, SER,  0.6879,   0.0040,   0.0673, 10
A,  681, PHE,  0.4477,  -0.1299,   0.0291, 0
A,  682, ASN,  3.0006,   1.2931,   0.6113, 2
A,  683, PHE,  0.0322,  -0.3615,   0.0007, 0
A,  684, PHE,  0.0000,  -0.3795,   0.0002, 0
A,  685, VAL,  0.0000,  -0.3795,   0.0002, 0
A,  686, THR,  0.0786,  -0.3357,   0.0017, 2
A,  687, ALA,  0.5168,  -0.0914,   0.0383, 0
A,  689, LYS,  0.5549,  -0.0702,   0.0440, 2
A,  690, ASN,  1.7319,   0.5859,   0.3461, 0
A,  691, VAL,  1.5741,   0.4980,   0.3032, 2
A,  692, SER,  1.1720,   0.2738,   0.1884, 5
A,  693, ASP,  0.4946,  -0.1038,   0.0352, 0
A,  694, ILE,  0.4122,  -0.1497,   0.0249, 5
A,  695, ILE,  0.1348,  -0.3043,   0.0037, 0
A,  697, ARG,  0.9025,   0.1236,   0.1158, 0
A,  698, THR,  0.4826,  -0.1105,   0.0336, 0
A,  699, GLU,  0.1860,  -0.2758,   0.0061, 0
A,  700, VAL,  0.0000,  -0.3795,   0.0002, 0
A,  701, GLU,  0.1019,  -0.3226,   0.0024, 0
A,  702, LYS,  0.2921,  -0.2166,   0.0133, 0
A,  703, ALA,  0.0279,  -0.3639,   0.0006, 0
A,  704, ILE,  0.0000,  -0.3795,   0.0002, 0
A,  705, ARG,  0.4465,  -0.1306,   0.0290, 0
A,  706, MET,  0.0770,  -0.3366,   0.0017, 0
A,  707, SER,  0.5590,  -0.0679,   0.0447, 0
A,  708, ARG,  0.6389,  -0.0234,   0.0580, 0
A,  709, SER,  0.9062,   0.1256,   0.1167, 0
A,  710, ARG,  1.3217,   0.3573,   0.2312, 0
A,  711, ILE,  0.2738,  -0.2269,   0.0118, 0
A,  712, ASN,  0.6407,  -0.0224,   0.0583, 0
A,  713, ASP,  0.3018,  -0.2113,   0.0141, 0
A,  714, ALA,  0.1806,  -0.2788,   0.0058, 0
A,  715, PHE,  0.1467,  -0.2977,   0.0042, 0
A,  716, ARG,  0.4484,  -0.1295,   0.0292, 0
A,  717, LEU,  0.1122,  -0.3169,   0.0028, 0
A,  718, ASN,  0.4690,  -0.1180,   0.0318, 0
A,  719, ASP,  0.5633,  -0.0655,   0.0453, 0
A,  720, ASN,  0.5099,  -0.0953,   0.0373, 0
A,  721, SER,  0.2688,  -0.2296,   0.0115, 0
A,  722, LEU,  0.0533,  -0.3498,   0.0011, 0
A,  723, GLU,  0.0752,  -0.3376,   0.0016, 0
A,  724, PHE,  0.1948,  -0.2709,   0.0066, 0
A,  725, LEU,  0.3216,  -0.2002,   0.0158, 0
A,  726, GLY,  0.3900,  -0.1620,   0.0225, 0
A,  727, ILE,  0.2368,  -0.2475,   0.0092, 0
A,  728, GLN,  0.3037,  -0.2102,   0.0143, 0
A,  730, THR,  0.5466,  -0.0748,   0.0428, 0
A,  731, LEU,  0.3375,  -0.1914,   0.0173, 0
A,  732, GLY,  0.1702,  -0.2846,   0.0053, 0
A,  735, ASN,  0.1540,  -0.2936,   0.0045, 0
A,  736, GLN,  0.3012,  -0.2116,   0.0141, 0
A,  739, VAL,  0.1430,  -0.2998,   0.0040, 0
A,  740, SER,  0.5384,  -0.0793,   0.0416, 0
A,  741, ILE,  0.2629,  -0.2329,   0.0110, 0
A,  742, TRP,  0.3062,  -0.2088,   0.0145, 0
A,  743, LEU,  0.2650,  -0.2317,   0.0112, 0
A,  744, ILE,  0.1431,  -0.2997,   0.0040, 0
A,  745, VAL,  0.2819,  -0.2223,   0.0125, 0
A,  746, PHE,  0.3144,  -0.2042,   0.0152, 0
A,  747, GLY,  0.3513,  -0.1836,   0.0186, 0
A,  748, VAL,  0.3573,  -0.1803,   0.0192, 0
A,  749, VAL,  0.1797,  -0.2793,   0.0057, 0
A,  750, MET,  0.2572,  -0.2361,   0.0106, 0
A,  751, GLY,  0.3680,  -0.1743,   0.0202, 0
A,  752, VAL,  0.2575,  -0.2360,   0.0106, 0
A,  753, ILE,  0.1536,  -0.2938,   0.0045, 0
A,  754, VAL,  0.1946,  -0.2710,   0.0066, 0
A,  755, VAL,  0.2000,  -0.2680,   0.0069, 0
A,  756, GLY,  0.2420,  -0.2446,   0.0096, 0
A,  757, ILE,  0.2481,  -0.2412,   0.0100, 0
A,  758, VAL,  0.1696,  -0.2849,   0.0052, 0
A,  759, ILE,  0.5740,  -0.0595,   0.0471, 0
A,  760, LEU,  0.4061,  -0.1531,   0.0242, 0
A,  761, ILE,  0.1641,  -0.2880,   0.0050, 0
A,  762, PHE,  0.5175,  -0.0910,   0.0384, 0
A,  763, THR,  0.6158,  -0.0362,   0.0539, 0
A,  764, GLY,  0.2437,  -0.2436,   0.0097, 0
A,  765, ILE,  0.1078,  -0.3194,   0.0026, 0
A,  766, ARG,  0.5392,  -0.0789,   0.0417, 0
A,  767, ASP,  0.1252,  -0.3096,   0.0033, 0
A,  768, ARG,  0.3258,  -0.1979,   0.0162, 0
A,  769, LYS,  0.4973,  -0.1023,   0.0355, 0
A,  770, LYS,  0.3510,  -0.1838,   0.0186, 0
A,  771, LYS,  0.3292,  -0.1960,   0.0165, 0
A,  772, ASN,  0.4435,  -0.1323,   0.0286, 0
A,  773, LYS,  0.3930,  -0.1604,   0.0228, 0
A,  774, ALA,  0.1557,  -0.2927,   0.0046, 0
A,  775, ARG,  0.2853,  -0.2204,   0.0128, 0
A,  776, SER,  0.1698,  -0.2848,   0.0052, 0
A,  777, GLY,  0.1117,  -0.3172,   0.0027, 0
A,  778, GLU,  0.0587,  -0.3467,   0.0012, 0
A,  779, ASN,  0.1402,  -0.3013,   0.0039, 0
A,  781, TYR,  0.1974,  -0.2694,   0.0067, 0
A,  782, ALA,  0.1734,  -0.2828,   0.0054, 0
A,  783, SER,  0.1684,  -0.2856,   0.0052, 0
A,  784, ILE,  0.0769,  -0.3366,   0.0017, 0
A,  785, ASP,  0.1481,  -0.2969,   0.0042, 0
A,  786, ILE,  0.0811,  -0.3343,   0.0018, 0
A,  787, SER,  0.1086,  -0.3189,   0.0026, 0
A,  788, LYS,  0.1262,  -0.3091,   0.0033, 0
A,  789, GLY,  0.0835,  -0.3329,   0.0018, 0
A,  790, GLU,  0.0264,  -0.3648,   0.0006, 0
A,  791, ASN,  0.0600,  -0.3460,   0.0012, 0
A,  792, ASN,  0.0770,  -0.3366,   0.0017, 0
A,  794, GLY,  0.1203,  -0.3124,   0.0031, 0
A,  795, PHE,  0.1429,  -0.2998,   0.0040, 0
A,  796, GLN,  0.1717,  -0.2838,   0.0053, 0
A,  797, ASN,  0.1066,  -0.3201,   0.0026, 0
A,  798, THR,  0.1337,  -0.3049,   0.0036, 0
A,  799, ASP,  0.0651,  -0.3432,   0.0014, 0
A,  800, ASP,  0.0565,  -0.3480,   0.0012, 0
A,  801, VAL,  0.0518,  -0.3506,   0.0011, 0
A,  802, GLN,  0.0962,  -0.3259,   0.0022, 0
A,  803, THR,  0.1887,  -0.2743,   0.0062, 0
A,  804, SER,  0.3285,  -0.1964,   0.0165, 0
A,  805, PHE,  0.1981,  -0.2690,   0.0068, 0
